{"type":"FeatureCollection","crs":{"type":"name","properties":{"name":"EPSG:4326"}},"features":[{"type":"Feature","geometry":{"type":"Polygon","coordinates":[[[-0.5242727897625,51.682112655748],[-0.5249858773813,51.6799760600237],[-0.524934113014587,51.6787210002338],[-0.522465051450836,51.6788131320732],[-0.521654918586605,51.6798397133349],[-0.518976756464037,51.6802637356839],[-0.516806205376602,51.6802030924662],[-0.515393656335742,51.6794352481103],[-0.513485879085954,51.6798769681673],[-0.51089720710158,51.6798172174403],[-0.509817651121464,51.6786884563907],[-0.507927402092382,51.6779792759617],[-0.505107856324304,51.6730768935581],[-0.507892482506861,51.6719585639983],[-0.510019973902977,51.6698813611569],[-0.512468106875234,51.6686013360717],[-0.514063468425605,51.6670460913785],[-0.514718484178302,51.665452870386],[-0.517511858450985,51.6670546001541],[-0.520994790005152,51.6680453786674],[-0.522531554542984,51.6635686398545],[-0.52236085247567,51.6593463963364],[-0.522777811384923,51.6583975690829],[-0.524440784957722,51.6578510443348],[-0.532626076017035,51.6630071884138],[-0.533274697056339,51.6609219640044],[-0.534971093080802,51.6606832417355],[-0.535168670056975,51.6604303109389],[-0.536338911472781,51.6603639916399],[-0.536891506831177,51.6606244728575],[-0.536946066041647,51.6604147052414],[-0.536731027616969,51.6593671617393],[-0.536285158801348,51.6593427285052],[-0.536246997466902,51.6590473033229],[-0.53646284252335,51.6554908172588],[-0.536081943781616,51.6554671933724],[-0.536129961308225,51.6548724985466],[-0.534253381150844,51.6529526477145],[-0.536666063805369,51.6523694496702],[-0.530927778365943,51.64913347458],[-0.531957770675464,51.6476797820924],[-0.534904533178615,51.6456321450804],[-0.537947086619213,51.6422646403982],[-0.538876245402706,51.6403374850033],[-0.539260817248429,51.6380393912766],[-0.534130552322406,51.6371508895353],[-0.535640525034045,51.6358092189092],[-0.535669725867073,51.6348150541919],[-0.534540668287996,51.6299011585915],[-0.531980605071431,51.6255125284321],[-0.530059300191249,51.6171511231726],[-0.528230555949288,51.614697615785],[-0.526973026288089,51.6144165606749],[-0.526300391825421,51.6137777705858],[-0.524283010040706,51.6102041633115],[-0.522501789242093,51.6050615818205],[-0.523536025907446,51.6049649227334],[-0.526945777279131,51.6037075129755],[-0.534405439351117,51.5997670028419],[-0.534217326336754,51.5994643126841],[-0.537708466041983,51.598166272385],[-0.537646840025677,51.5957717653554],[-0.536973596679108,51.5943930044278],[-0.538013919161743,51.5931084192733],[-0.542874577101279,51.5919854998595],[-0.548182145905649,51.5930053602132],[-0.548920567818105,51.5947913728586],[-0.550752772376541,51.5946080687982],[-0.552058838672421,51.5940801465655],[-0.552397373202171,51.5943756761764],[-0.553616188572887,51.5939555254526],[-0.553715033966112,51.5942498932102],[-0.55674962925864,51.5935723271918],[-0.556699219783322,51.5933865221246],[-0.557867197491563,51.5934754995032],[-0.558225566203718,51.5930069643801],[-0.561247147943621,51.592962167248],[-0.562518382802152,51.5916586247359],[-0.564661100115873,51.5926515085167],[-0.566960765562597,51.5927002995018],[-0.570823055979935,51.5911648062278],[-0.571491556916045,51.5902872090174],[-0.575576108839208,51.5893891124346],[-0.576477537149995,51.5912623222653],[-0.577403625829792,51.591698040526],[-0.580278567459528,51.5919090609958],[-0.582836793973662,51.5915317792307],[-0.587371892415535,51.5915576869909],[-0.592189881629105,51.5932673649539],[-0.598230454374936,51.5965398620261],[-0.608652764929919,51.5982059470404],[-0.607441746162647,51.6005034766725],[-0.608053830592048,51.6008407333855],[-0.608113886790188,51.6027962723438],[-0.609422711303264,51.6042872922743],[-0.612450908061899,51.6061808547294],[-0.612784167255248,51.6073250020971],[-0.612020575336289,51.6097285417517],[-0.610152605545754,51.6117322878304],[-0.616409399153871,51.6138132269393],[-0.616666024643522,51.6152540057856],[-0.616621298242908,51.6159647160662],[-0.614921098908467,51.6170138672142],[-0.611958204245261,51.6203355027422],[-0.611559995028535,51.6221660588849],[-0.612720041435939,51.6236787409316],[-0.612635626847986,51.6256406545013],[-0.61159666900339,51.6268773527035],[-0.608899848844847,51.6286537313038],[-0.612429295565751,51.6304093922296],[-0.613848987921804,51.6305726840643],[-0.612724918844844,51.6324171443429],[-0.61809395608977,51.6339964953876],[-0.620628367562027,51.6342366551514],[-0.621212024774926,51.630000283506],[-0.622226011690594,51.6288656915384],[-0.62429349449438,51.6300598119488],[-0.625356105793929,51.6302295743353],[-0.627057477752356,51.6311136305074],[-0.629314041592273,51.6331362605663],[-0.632548982619161,51.6335309569833],[-0.634143261396527,51.6344271465831],[-0.635873327422898,51.6347988373245],[-0.6379863855688,51.6344933773835],[-0.640245686693013,51.6347065496023],[-0.641665789582962,51.6324444704874],[-0.641730056030137,51.6308284861838],[-0.643182238660851,51.6291331764365],[-0.643034749841666,51.6274419290592],[-0.641904752412247,51.6248392150371],[-0.642248764663323,51.6223146766057],[-0.64182468773668,51.6209411444285],[-0.642857409176594,51.620898255227],[-0.642696260825631,51.6190871984453],[-0.653897881189124,51.6182226187451],[-0.654557857375039,51.6173471652679],[-0.653943529822185,51.6155579882442],[-0.656316907210375,51.615790142305],[-0.657136222901764,51.6152906350952],[-0.657912831872664,51.6129561842765],[-0.659435467583205,51.6125015602652],[-0.661010547130333,51.6109028151375],[-0.665321742971829,51.6102064487593],[-0.675380961925464,51.6078566535394],[-0.676758113485279,51.6092156406555],[-0.674301051357676,51.6137979706946],[-0.676244404582517,51.6147631540197],[-0.677659310309427,51.6184630935924],[-0.679080587349797,51.620604795734],[-0.681322142806872,51.6206147228738],[-0.688549859462912,51.6175773415305],[-0.689167419844808,51.618604793455],[-0.689818713285568,51.6250322872311],[-0.688860522741125,51.6274016744034],[-0.688701430231193,51.6293124537382],[-0.690517389800813,51.6332783859419],[-0.692004412917565,51.6379401693064],[-0.695074586620693,51.6418866479664],[-0.697308282152556,51.6459866495059],[-0.696770336666675,51.646248654304],[-0.697117063801181,51.6469107119744],[-0.693881805423294,51.6510964953515],[-0.692001163894888,51.6545582002811],[-0.692078411446415,51.6550869265302],[-0.694797568353347,51.6577005892069],[-0.695120979016369,51.6576169845373],[-0.701029204372178,51.661768444061],[-0.70505670744233,51.6607797566121],[-0.705880822516372,51.6612842439093],[-0.705440862775017,51.662009606266],[-0.706046568325553,51.662114264066],[-0.706060887069356,51.6624731881648],[-0.706865243793609,51.6624595721308],[-0.705566542511838,51.6646986423518],[-0.715638210743074,51.6697251192119],[-0.714827561235212,51.6706756920206],[-0.718240139932428,51.6724223015322],[-0.71946160337399,51.6741324458287],[-0.725213425169915,51.6753603296112],[-0.729809548359191,51.675260756474],[-0.731050663359513,51.6755628055266],[-0.733968158466227,51.6783458065367],[-0.734592162836493,51.6802399272329],[-0.734130039017794,51.6814056366728],[-0.735887266797842,51.6816223930969],[-0.736084527335639,51.6833671868427],[-0.736926515903597,51.6836207413799],[-0.737216643258591,51.6840591208665],[-0.739678720645429,51.6844739564132],[-0.740523626024099,51.6848858187017],[-0.743048434566932,51.6843446104187],[-0.74336328348696,51.6857174092982],[-0.747738882799313,51.6848936367953],[-0.748757305694923,51.6876677026329],[-0.74902223675357,51.6878701737587],[-0.750516171316327,51.6874642727762],[-0.7541969628482,51.6898142886329],[-0.757955586021824,51.6939821936114],[-0.758328828501779,51.69504084967],[-0.757938822509682,51.6965995248704],[-0.760346793316045,51.6990230900351],[-0.762109038045583,51.7023640904387],[-0.760767687330366,51.70267816784],[-0.757098461046378,51.7050259383891],[-0.755804354889563,51.7065651598243],[-0.754366531026119,51.7075345426547],[-0.7525440961445,51.7069163664517],[-0.750206532762546,51.7030960989722],[-0.746462216778467,51.7043205165346],[-0.744329847558732,51.7062220266631],[-0.742700791728925,51.7084444921785],[-0.742166545176802,51.7082940539061],[-0.741151516584238,51.7101867712433],[-0.741495595506118,51.7110357157007],[-0.739847824304554,51.7113166121066],[-0.739061081477247,51.7119699754032],[-0.738291186294982,51.7152383187421],[-0.736966474348382,51.7167500372321],[-0.736638640576195,51.7191608617569],[-0.733932687089501,51.7204643476388],[-0.730266657658123,51.7185158701358],[-0.72855964961809,51.7185774379372],[-0.724841645112267,51.7195721346454],[-0.723836586062365,51.7205089779724],[-0.72261320739778,51.7209705156549],[-0.713522173232377,51.7233441940497],[-0.711253609707488,51.725319107655],[-0.712154323409427,51.7260779673748],[-0.713462051124815,51.7257110487352],[-0.715678871949493,51.7296872532117],[-0.715894512889258,51.7316803777707],[-0.717360033832625,51.7325452337799],[-0.717485272715874,51.7344618584011],[-0.716927374909494,51.7344764465688],[-0.717926119687602,51.7373557315743],[-0.717488432023861,51.739560252938],[-0.718030779607296,51.7396921069965],[-0.718866865296364,51.7389098885194],[-0.720290797965985,51.7401276100415],[-0.719610426972799,51.7404250348036],[-0.720146303028089,51.7408831150566],[-0.717344106455122,51.7421483097064],[-0.718615208034651,51.7441638057488],[-0.718711779207245,51.7450505698223],[-0.719534672013067,51.7462221088691],[-0.721320728328019,51.7473979089443],[-0.72204560261299,51.7485549700141],[-0.724174769398191,51.7491283055612],[-0.722758650067075,51.7494681994795],[-0.7199661982742,51.7512927913753],[-0.717002353854546,51.7500610697451],[-0.715542125047771,51.751080064402],[-0.714993608520144,51.7509085791482],[-0.713547605083156,51.7514251149744],[-0.713500075301247,51.7510595406535],[-0.712892256321692,51.7508316635492],[-0.70675063148612,51.750147441311],[-0.706412438112568,51.7494603565077],[-0.700363441355197,51.7499970163647],[-0.694796833386992,51.7493751252125],[-0.694426875199718,51.7497945916655],[-0.69297333024655,51.7502136089641],[-0.6896389197453,51.7527993838428],[-0.689229911549195,51.7536158172627],[-0.690712546470229,51.7552499645276],[-0.692778359376528,51.7587150438635],[-0.689401973180959,51.7604282104846],[-0.686876519474132,51.7621686783885],[-0.684721810198538,51.7627686324466],[-0.68180502552771,51.7647024791509],[-0.677559009453506,51.766594438151],[-0.676861632928889,51.7665560303094],[-0.673469490089942,51.7684717392875],[-0.668725793129484,51.7657268246996],[-0.666682611362214,51.7651326768628],[-0.66360785563988,51.7648316942237],[-0.65934968012612,51.7634874161745],[-0.652453356690551,51.759362308553],[-0.651314878588825,51.7599309593624],[-0.64859589254678,51.7585527811096],[-0.649212013670833,51.7576184028244],[-0.647778618028325,51.7572944042036],[-0.646910557364842,51.7560381343839],[-0.643665829009842,51.754087278926],[-0.63104083629667,51.753048971541],[-0.629378291840481,51.7533667975781],[-0.629879197374745,51.7540002737316],[-0.628312901576674,51.754676264383],[-0.626219070697274,51.7536356619433],[-0.625528370827557,51.7543883622401],[-0.623708886873382,51.7534768625178],[-0.62322684517483,51.7543704289773],[-0.620202288857659,51.7528827417235],[-0.617285805193947,51.7526497285439],[-0.613766437742306,51.7509133422121],[-0.613539433650593,51.7482985244364],[-0.612935985356938,51.7474272560625],[-0.611116463487777,51.7480954469429],[-0.609099825446911,51.7494708114913],[-0.60515171468078,51.7498682127229],[-0.600867054449075,51.7513558483654],[-0.59526914413648,51.7513151781199],[-0.586379726976092,51.752115950395],[-0.585882647166665,51.7503133466882],[-0.584715355652391,51.7486816547998],[-0.583770522099174,51.7462828646683],[-0.580926086007094,51.7437740472481],[-0.579432084653712,51.7412580192859],[-0.57616979186541,51.7378222537227],[-0.573210294626064,51.7360508712169],[-0.57191058083681,51.7357518341932],[-0.570012966361314,51.7359050528699],[-0.569641381668747,51.7360714219813],[-0.570369840224965,51.7368023155499],[-0.569245984617334,51.7378155107771],[-0.568398719149239,51.737541716276],[-0.566817763925134,51.7390358318631],[-0.566201274130538,51.7384689920667],[-0.563699987436117,51.7396173413188],[-0.562954559555373,51.7382792298955],[-0.565572341425497,51.7365613062936],[-0.565297382038721,51.7363718700715],[-0.563445752603537,51.7356684873117],[-0.560319723640518,51.7372893480421],[-0.559245255678629,51.7373319209044],[-0.55844154387197,51.7356468807334],[-0.560646328420069,51.7340760129433],[-0.559539357361668,51.7334122465292],[-0.558348551447813,51.734108089307],[-0.556002202764802,51.7332142371888],[-0.55452486311363,51.7341285618006],[-0.553720360510688,51.7340647307949],[-0.55299938029333,51.7333337341178],[-0.554304073760701,51.7323372991094],[-0.550082820807204,51.7305750653227],[-0.551555135108707,51.7300410792071],[-0.553080004726725,51.7284062404568],[-0.553596792664468,51.7284108013512],[-0.551434458701924,51.7251677367573],[-0.551665188516347,51.7244700280015],[-0.550532574696001,51.7247087634288],[-0.550106348391751,51.7239122513021],[-0.550413609644404,51.7230428902594],[-0.555839678267643,51.721822017708],[-0.558480916998349,51.7192998005781],[-0.561302550301128,51.7180187537754],[-0.562420183249153,51.7158707220991],[-0.563209678177221,51.7118798635673],[-0.562309530293392,51.7109642422645],[-0.558076766090909,51.7084791083698],[-0.557212417545606,51.7070774603639],[-0.555331018658727,51.7055328710578],[-0.552419128747363,51.7040384877886],[-0.548835395696988,51.7036489996244],[-0.547668033138723,51.7031814144689],[-0.546750662782821,51.701324877443],[-0.546884526119122,51.6986360468955],[-0.544017145197112,51.6968174726995],[-0.542969579019276,51.6937075805643],[-0.543788320483136,51.6922681610163],[-0.547115387764151,51.6892142345736],[-0.54862820242859,51.6870109762498],[-0.549159631118506,51.6848674997216],[-0.548696117291794,51.6826712819357],[-0.547876050171284,51.6825334977613],[-0.547551292629899,51.6830069208072],[-0.546698416329984,51.6830333217147],[-0.546283970393001,51.6804374840903],[-0.539625680845418,51.6802695129617],[-0.538889081532902,51.679834158485],[-0.536444860898314,51.6808602846631],[-0.535050581783638,51.6809013415356],[-0.534795062071575,51.6816904090724],[-0.532117765892209,51.6817783499169],[-0.531933848502054,51.6807572599072],[-0.531123249492871,51.6806833029044],[-0.527602237254644,51.6816795964474],[-0.5242727897625,51.682112655748]]]},"properties":{"LAD19NM":"Chiltern"}},{"type":"Feature","geometry":{"type":"Polygon","coordinates":[[[-0.736638640576195,51.7191608617569],[-0.736966474348382,51.7167500372321],[-0.738291186294982,51.7152383187421],[-0.739061081477247,51.7119699754032],[-0.739847824304554,51.7113166121066],[-0.741495595506118,51.7110357157007],[-0.741151516584238,51.7101867712433],[-0.742166545176802,51.7082940539061],[-0.742700791728925,51.7084444921785],[-0.744329847558732,51.7062220266631],[-0.746462216778467,51.7043205165346],[-0.750206532762546,51.7030960989722],[-0.7525440961445,51.7069163664517],[-0.754366531026119,51.7075345426547],[-0.755804354889563,51.7065651598243],[-0.757098461046378,51.7050259383891],[-0.760767687330366,51.70267816784],[-0.762109038045583,51.7023640904387],[-0.760346793316045,51.6990230900351],[-0.757938822509682,51.6965995248704],[-0.758328828501779,51.69504084967],[-0.757955586021824,51.6939821936114],[-0.7541969628482,51.6898142886329],[-0.750516171316327,51.6874642727762],[-0.74902223675357,51.6878701737587],[-0.748757305694923,51.6876677026329],[-0.747738882799313,51.6848936367953],[-0.74336328348696,51.6857174092982],[-0.743048434566932,51.6843446104187],[-0.740523626024099,51.6848858187017],[-0.739678720645429,51.6844739564132],[-0.737216643258591,51.6840591208665],[-0.736926515903597,51.6836207413799],[-0.736084527335639,51.6833671868427],[-0.735887266797842,51.6816223930969],[-0.734130039017794,51.6814056366728],[-0.734592162836493,51.6802399272329],[-0.733968158466227,51.6783458065367],[-0.731050663359513,51.6755628055266],[-0.729809548359191,51.675260756474],[-0.725213425169915,51.6753603296112],[-0.71946160337399,51.6741324458287],[-0.718240139932428,51.6724223015322],[-0.714827561235212,51.6706756920206],[-0.715638210743074,51.6697251192119],[-0.705566542511838,51.6646986423518],[-0.706865243793609,51.6624595721308],[-0.706060887069356,51.6624731881648],[-0.706046568325553,51.662114264066],[-0.705440862775017,51.662009606266],[-0.705880822516372,51.6612842439093],[-0.70505670744233,51.6607797566121],[-0.701029204372178,51.661768444061],[-0.695120979016369,51.6576169845373],[-0.694797568353347,51.6577005892069],[-0.692078411446415,51.6550869265302],[-0.692001163894888,51.6545582002811],[-0.693881805423294,51.6510964953515],[-0.697117063801181,51.6469107119744],[-0.696770336666675,51.646248654304],[-0.697308282152556,51.6459866495059],[-0.695074586620693,51.6418866479664],[-0.692004412917565,51.6379401693064],[-0.690517389800813,51.6332783859419],[-0.688701430231193,51.6293124537382],[-0.688860522741125,51.6274016744034],[-0.689818713285568,51.6250322872311],[-0.689167419844808,51.618604793455],[-0.688549859462912,51.6175773415305],[-0.681322142806872,51.6206147228738],[-0.679080587349797,51.620604795734],[-0.677659310309427,51.6184630935924],[-0.676244404582517,51.6147631540197],[-0.674301051357676,51.6137979706946],[-0.676758113485279,51.6092156406555],[-0.675380961925464,51.6078566535394],[-0.675111928662905,51.607421141767],[-0.676464904189649,51.6070803453233],[-0.677339474747332,51.6061532538525],[-0.680170394427638,51.6048408745357],[-0.678614021322608,51.6040832692096],[-0.678146853235292,51.6034638582896],[-0.677518335099416,51.6033785688532],[-0.675832424209377,51.6019163233766],[-0.676758617726007,51.6005537480266],[-0.674675089195609,51.5979765527178],[-0.676077685316564,51.5973081227262],[-0.675767665834245,51.5969494577688],[-0.674168172799931,51.5961472564944],[-0.672204098595124,51.5939427127673],[-0.670897237595568,51.5940043243393],[-0.670743849507301,51.5934730262795],[-0.670128478843641,51.5933869464627],[-0.6694650678173,51.592721138359],[-0.669972489462558,51.59131161412],[-0.670905097356781,51.590718820152],[-0.671187925281004,51.5876557676667],[-0.672172806642904,51.5867488396019],[-0.67047824073865,51.5857117857196],[-0.672722505598951,51.5849288789108],[-0.67355988760609,51.5840778023681],[-0.672290382583279,51.5817786238705],[-0.675092425597787,51.5781361880242],[-0.676561784139644,51.5769873986295],[-0.672145945804548,51.5726249442025],[-0.673769321672718,51.570444784517],[-0.675494803280522,51.5666337365097],[-0.678240865724877,51.5636371861889],[-0.68161484153079,51.5636526021548],[-0.681748681391807,51.5626695017236],[-0.68451647706949,51.5624398912264],[-0.685413266311505,51.5615111874909],[-0.687011983007414,51.561752033351],[-0.688283763123022,51.5623759232136],[-0.69158380097586,51.5632068169551],[-0.694176987502014,51.5621755151605],[-0.694528966703168,51.5631839030414],[-0.696237690372257,51.5650795261729],[-0.699777533463208,51.5657104115429],[-0.701579021973785,51.5656269919991],[-0.703367698109925,51.5628502873794],[-0.705250814368865,51.5622803106739],[-0.706118832558589,51.5622952825956],[-0.710365049380513,51.5638589951775],[-0.711675292325073,51.5646674202364],[-0.712177451166491,51.5654273183842],[-0.711445010167015,51.5686752046595],[-0.712049596139049,51.571738209146],[-0.71316328025779,51.5737898351402],[-0.715602285190667,51.5765931805618],[-0.717446101407433,51.5773786128129],[-0.719401766258813,51.5777308719917],[-0.722923266905821,51.5778285832504],[-0.726956836479073,51.5774183669602],[-0.73100924692687,51.5761755391056],[-0.734014892229866,51.5748375919859],[-0.737730841587093,51.5738462822386],[-0.740634108532502,51.571870526906],[-0.74513193144995,51.5707191792454],[-0.749319012612968,51.5681552791867],[-0.753863569360707,51.5665374217774],[-0.756939373908322,51.5649056087313],[-0.757854139913344,51.5648487605693],[-0.760312367687365,51.5658674274158],[-0.763063053981383,51.5664232898073],[-0.768371712529952,51.5658109598803],[-0.770084364934992,51.5666085634011],[-0.770923926066629,51.5678996078606],[-0.775039844096283,51.5666837185811],[-0.777120060644256,51.5649716875652],[-0.779352382174274,51.5601563413596],[-0.782427108353671,51.5562452281316],[-0.786790064216459,51.5538239718329],[-0.790888332861569,51.5528833607137],[-0.792963793969878,51.5513590831944],[-0.795439449992759,51.5511704800378],[-0.80326750171006,51.5519159576022],[-0.807128190450366,51.5527609803509],[-0.810515002812092,51.5526972786962],[-0.816920159292072,51.5509879596926],[-0.824150378287284,51.5504851220621],[-0.826353083107834,51.5491808740069],[-0.827882772204084,51.5463942530386],[-0.82888585703159,51.5456300095593],[-0.831362648928456,51.5457176251923],[-0.83272947731808,51.5453356030384],[-0.834300569682698,51.5457630240076],[-0.835746543371041,51.5467422145842],[-0.837597840945815,51.5469871957154],[-0.838463354132998,51.5468051929371],[-0.840922682303755,51.5451434601158],[-0.842743668055121,51.5447586197339],[-0.847047139320998,51.5452011093307],[-0.856260729119528,51.5487064926186],[-0.857530033197815,51.5488132537332],[-0.859760731263104,51.5483683216913],[-0.862525039114666,51.5490201109816],[-0.863634244946462,51.5499408639344],[-0.864965471454251,51.5531809395103],[-0.867929523763961,51.556202131513],[-0.871154684445075,51.5576664515292],[-0.872748075028645,51.5603110439041],[-0.875599417693272,51.5617392796038],[-0.879723062320183,51.5621275783588],[-0.881399259491713,51.5620150157696],[-0.883479181525099,51.5614395458345],[-0.887370262916119,51.5594712520103],[-0.889580498437234,51.5569699707026],[-0.89038197963135,51.5548582387684],[-0.893636412537484,51.5493121891592],[-0.896882190115767,51.5448630133878],[-0.898298018668083,51.5452926065768],[-0.903277449915093,51.5458967574281],[-0.902146634918931,51.5486016692976],[-0.902785330770532,51.5529309426442],[-0.901701148010454,51.5560859225982],[-0.906292118847937,51.5567573174406],[-0.910004625100127,51.5576793597591],[-0.910879848223204,51.5581775780769],[-0.911764874005196,51.559835764152],[-0.913624220559822,51.5617187964773],[-0.914710072359781,51.561493232215],[-0.915916381791227,51.5617238071121],[-0.917079417097724,51.5625599345784],[-0.918491048662391,51.5614975643193],[-0.9195928814716,51.5618763594426],[-0.921394042982139,51.5646471364791],[-0.924135339302396,51.5634143362025],[-0.928336291198966,51.5659974338585],[-0.9278194462357,51.5680959261553],[-0.930505713453091,51.5685358209538],[-0.930387088444972,51.5690437104307],[-0.9338488630588,51.5697675485409],[-0.936756010237143,51.5713836572814],[-0.938602277224955,51.5710416033617],[-0.940089505834284,51.5762081988626],[-0.939520074450432,51.580333871528],[-0.939890578860505,51.5820897540962],[-0.94135253884609,51.5843293061822],[-0.94152974306921,51.5854612162853],[-0.93454534170595,51.5885496886337],[-0.933239594723351,51.5886484011089],[-0.92850492731781,51.5900629016461],[-0.928236470774526,51.5906781945249],[-0.92487957313995,51.590888417516],[-0.921009986897794,51.5946483831566],[-0.919435901328741,51.5955232193753],[-0.919882465947525,51.5956254017338],[-0.916868380809754,51.5993130018886],[-0.916925918131782,51.5996867680738],[-0.920071759139428,51.6035902483046],[-0.921979538164146,51.6036374437003],[-0.92400095515802,51.6042512453697],[-0.929252406575094,51.6043244236989],[-0.929786349773206,51.6041530151846],[-0.931338497812514,51.6022501331067],[-0.933504442652502,51.6016269250167],[-0.936230957280823,51.6022855706989],[-0.936005339823115,51.6032896795025],[-0.938262335725009,51.6038406474584],[-0.9389295153717,51.6043358663589],[-0.941436071723354,51.6044034363239],[-0.942988074255198,51.6047878597917],[-0.94325770163809,51.6057380103698],[-0.942601717287159,51.6074945129777],[-0.944123002116646,51.6094539824411],[-0.943899167570378,51.6107611292548],[-0.940038517817041,51.6141889964797],[-0.938565867318077,51.6179431619577],[-0.939585617574651,51.6185620098685],[-0.945650296016724,51.6184529386452],[-0.947336870435282,51.6202843857674],[-0.948004429242163,51.6205870955242],[-0.949793442539434,51.620677719526],[-0.950124006389325,51.6215618646881],[-0.949489018227389,51.6255385702629],[-0.950029511752735,51.6289071647048],[-0.948873179869862,51.6313658168914],[-0.943590736871182,51.6305020342571],[-0.943338521265105,51.6310977101349],[-0.942317213854463,51.631775452348],[-0.940110950126405,51.6327679851859],[-0.938216776264847,51.6351138918646],[-0.935399465251419,51.6356575652282],[-0.934577414537855,51.6366382662182],[-0.937182241182644,51.6412897463204],[-0.944647594937524,51.6465865930673],[-0.945116175202291,51.6483145301409],[-0.948340619109636,51.6494448659209],[-0.950725842013544,51.6507411973348],[-0.949951128089056,51.6509294272464],[-0.944983566135686,51.6497905886714],[-0.944001814540788,51.6511737188603],[-0.94445294514914,51.6521614505191],[-0.948180541271079,51.6521112907105],[-0.946317539698129,51.6537840931495],[-0.939792401478219,51.6540328945016],[-0.939536149508952,51.6542931523359],[-0.933169253013909,51.6526017316578],[-0.931496508657818,51.6531646193911],[-0.931434452291433,51.6553094840088],[-0.930958606266874,51.6551999831395],[-0.929430643277009,51.6557489677233],[-0.929185140315625,51.6537774866048],[-0.927251214485182,51.6514436207499],[-0.927651687502563,51.6546860525574],[-0.925172327228606,51.6549987795739],[-0.923068831395279,51.6568947360791],[-0.925050988551328,51.6596940273786],[-0.926547013060018,51.6600143230307],[-0.928342628558814,51.6610558320465],[-0.928728443840534,51.6623505447345],[-0.929650448388975,51.6634702695887],[-0.932084629835736,51.66466495707],[-0.930795874678352,51.6660937383426],[-0.929352713778577,51.6662819525308],[-0.928611602367985,51.6652744415858],[-0.927816363541656,51.6655800974601],[-0.924889163522498,51.6654275018472],[-0.924910499823271,51.6669067624513],[-0.918636156851999,51.6712299309484],[-0.9177290186767,51.6724004078012],[-0.915694294602585,51.6724598547356],[-0.910172503442839,51.673860957203],[-0.907021822412738,51.6734225982928],[-0.904702672448467,51.6722023966586],[-0.901203495067034,51.6709872989308],[-0.897042163176191,51.6700185665055],[-0.894745408592195,51.6682543549374],[-0.883971124114429,51.6677272339946],[-0.877706762468148,51.6683850758408],[-0.878600463893801,51.6700202808826],[-0.881368305905382,51.6724204222381],[-0.884134738409278,51.673774778444],[-0.88893309916272,51.673956074843],[-0.89214233378529,51.6747793956418],[-0.895069266657762,51.6746649276651],[-0.897896373360577,51.6764007553867],[-0.895764224002222,51.6773086822733],[-0.894321308737953,51.6788893287313],[-0.893812624217039,51.6791075604683],[-0.892464453548252,51.6782882701418],[-0.891016506356862,51.678649639017],[-0.886763509224145,51.681390558767],[-0.88183629589767,51.680541681092],[-0.879895887122356,51.6808648769757],[-0.881901348089979,51.6845876639487],[-0.885663855209507,51.6867616393038],[-0.892646957721943,51.6890539746254],[-0.893816449450956,51.6904532620752],[-0.894772980132941,51.6925222890904],[-0.890753001466074,51.6972841364816],[-0.889256429981431,51.6999009251582],[-0.889563221374105,51.7012571296092],[-0.887234811864248,51.7033247110669],[-0.886557787778826,51.7050833945694],[-0.887071182898122,51.7052114074937],[-0.888577137580502,51.7073611920743],[-0.889267750835841,51.7071150382771],[-0.889677103560142,51.708125142475],[-0.888640979943187,51.7090054511137],[-0.888850231062506,51.709976736628],[-0.888326623505212,51.7103746823035],[-0.888253021667587,51.7123737269433],[-0.887623445886415,51.7136697688419],[-0.887630286857886,51.7182260168282],[-0.889395774128181,51.7201426682162],[-0.891339443405465,51.7214710989272],[-0.893463598684737,51.7220459216187],[-0.895446016849397,51.7218505289072],[-0.896584386187245,51.722366588991],[-0.899699751427173,51.72499886612],[-0.901250613993878,51.7273809252988],[-0.901666800079746,51.7282524441188],[-0.900593059425726,51.7293610183569],[-0.903555096288688,51.7312391752907],[-0.903142948725162,51.7313926402861],[-0.905383084152098,51.7333116574822],[-0.906094481835407,51.7333596276393],[-0.908754587196457,51.735102702076],[-0.909681721561884,51.7367765341406],[-0.91077352465616,51.7367830561926],[-0.910533919334159,51.7370497003546],[-0.911060769560863,51.7371228979998],[-0.910991768556578,51.7368587885269],[-0.912193732566077,51.7370416946972],[-0.912558238772218,51.7366997946028],[-0.912782127785908,51.7370282589383],[-0.911327625356397,51.7381927345502],[-0.912287969624175,51.7385486897265],[-0.911038170651681,51.7401169575409],[-0.909927032036983,51.7397640896587],[-0.904140971830862,51.7467201957375],[-0.90379517139687,51.7477788551897],[-0.904553087781989,51.7517818379624],[-0.899354028779152,51.752071383811],[-0.890633239705829,51.7518788975719],[-0.890463873290493,51.7515176467986],[-0.887522404375551,51.7511931346763],[-0.886497899223477,51.7505531256175],[-0.883697150067844,51.7497514499487],[-0.883372689604721,51.7499866716187],[-0.877712311261551,51.748022977718],[-0.876962353641736,51.7480625634827],[-0.875826657731701,51.7489383119562],[-0.871307953821733,51.7509964262442],[-0.869965403468771,51.7511597234119],[-0.86761189190906,51.753219598342],[-0.867044613483546,51.7530243756494],[-0.865463205105402,51.7538651677456],[-0.863751566296009,51.7564337358715],[-0.863175716506167,51.7564030029027],[-0.863023721222279,51.7572045307998],[-0.861267831335431,51.7585857133599],[-0.856395144713735,51.7608250062814],[-0.85954769835844,51.7645260419205],[-0.861241522882546,51.7652779370464],[-0.860959454471423,51.765547666722],[-0.862420511244381,51.7672063584824],[-0.86071189627833,51.7677275527687],[-0.859635181435694,51.7677234134722],[-0.858983478836893,51.7673637328728],[-0.858839908243985,51.7678263581782],[-0.856914997578966,51.7680144203115],[-0.856273830035362,51.7690692617141],[-0.854547424045505,51.7692016852162],[-0.853042401994641,51.7697454249201],[-0.851178673733146,51.7692838982584],[-0.85026608888799,51.7693838412006],[-0.848103462102344,51.7685408133327],[-0.847612543749975,51.768697899058],[-0.842673423267913,51.7681368565541],[-0.840038121848305,51.7681594431733],[-0.836447051828704,51.7690042861989],[-0.835068176410987,51.7690301924756],[-0.834920497152081,51.7702606001936],[-0.837347006327175,51.7726179106156],[-0.839327748068415,51.7752370295194],[-0.839370053001916,51.7779412004329],[-0.837441470461461,51.7781964213811],[-0.836458383614146,51.7780365860155],[-0.836046630240551,51.7783211553458],[-0.834804889690295,51.7779068710798],[-0.834601215111457,51.7782744878915],[-0.832418898081895,51.7785279227956],[-0.832678893865949,51.7791842834957],[-0.83079298517241,51.7792410694348],[-0.830716264507823,51.7795738948141],[-0.827352475658137,51.7803874701726],[-0.826876989148747,51.7808313803859],[-0.823702985043054,51.7798043255202],[-0.82160833257989,51.7811932284901],[-0.819828280075792,51.7808031482805],[-0.819610336899635,51.7811534273487],[-0.817417356652343,51.7810325273864],[-0.813611792539714,51.7804304182473],[-0.812325209728924,51.7799624975089],[-0.812832982353497,51.78060782952],[-0.808935620366348,51.7824522097181],[-0.805981328007477,51.7800295334948],[-0.80333117166837,51.7816822341036],[-0.801155411447888,51.7800317003454],[-0.798578492953817,51.7813767130712],[-0.792480209921667,51.776738352568],[-0.793448620807595,51.7761386414148],[-0.788369052163398,51.7719888989386],[-0.786573529443244,51.7721403797],[-0.786080217412678,51.7718376585101],[-0.785309716691474,51.7697615594595],[-0.784297646723679,51.7698347056991],[-0.783237484900415,51.7707229356752],[-0.779436132911955,51.7720017388821],[-0.782041016571188,51.7748440637302],[-0.781294281479815,51.7748543098061],[-0.779712774159389,51.774212988485],[-0.775864972797627,51.7752637707528],[-0.774124373817156,51.7762706866663],[-0.771492112980621,51.7741877594922],[-0.769152452668741,51.771957617624],[-0.768915886604222,51.7714902189598],[-0.769750439118431,51.7711842352878],[-0.766737086612852,51.7688481126923],[-0.767580558680971,51.7683668583257],[-0.76776950630169,51.7677645800602],[-0.767115530604602,51.7663388604553],[-0.765843595209033,51.7652077922182],[-0.766215851023483,51.7649995500706],[-0.765561019526547,51.7641429216193],[-0.766236313947981,51.7631878807317],[-0.765751797550147,51.7622467414731],[-0.763897575081758,51.7606869528569],[-0.762210011958636,51.7599795475119],[-0.761204785277731,51.7583774077478],[-0.763616582033486,51.7575548214655],[-0.762534399609801,51.7538918081115],[-0.765077789493848,51.7530121401815],[-0.76478606956886,51.7500579783444],[-0.764273708612163,51.7495139614329],[-0.763302084313927,51.7493904884743],[-0.754700192451679,51.7428624751334],[-0.753526382497381,51.7407307440891],[-0.752347799240893,51.7396679519326],[-0.752259201714789,51.7381006356738],[-0.749776163014925,51.7350342075645],[-0.748792421464392,51.73232706417],[-0.745349622655575,51.7268180109124],[-0.743768884435761,51.7254514064898],[-0.742406091053648,51.7249441471561],[-0.742304832412768,51.7226987105537],[-0.740331933017055,51.7230489537179],[-0.739417650748115,51.7226083956188],[-0.737179323188438,51.7208984533722],[-0.736638640576195,51.7191608617569]]]},"properties":{"LAD19NM":"Wycombe"}},{"type":"Feature","geometry":{"type":"Polygon","coordinates":[[[0.402327882525101,51.650994906834],[0.401920878745561,51.6497756380035],[0.402208047449663,51.6496025356043],[0.402842721309245,51.6498476697983],[0.402886232237612,51.6491668141832],[0.402633878550419,51.6483590422136],[0.402340689315513,51.6485556439661],[0.401996893223608,51.647986286417],[0.402401383091531,51.6475705520255],[0.403685882458172,51.6474759320342],[0.402941839218997,51.646827470797],[0.403045927099529,51.6458450868321],[0.401465012397149,51.6459907159391],[0.40136957197724,51.6455241633663],[0.400895486296529,51.6455788125476],[0.400299754648306,51.6451647448397],[0.399273932611064,51.6452027937166],[0.39887303453148,51.6447810505013],[0.396283688691105,51.6448555131305],[0.395710174723101,51.6443690453621],[0.394916051823333,51.6444409921176],[0.394547464842555,51.6440276571108],[0.394926014185844,51.643175438354],[0.394531421020451,51.6416933009794],[0.392655604812923,51.6395840346871],[0.392206371215363,51.6396435356167],[0.392001021277845,51.6392556518232],[0.39110969447699,51.6394015628597],[0.390535415596347,51.6390363845345],[0.389813538639947,51.6391051140378],[0.387144459819221,51.6373778955053],[0.387077746040936,51.6359978876283],[0.385213453749752,51.6328019772626],[0.386241746649184,51.6314663613593],[0.385856229290309,51.631030891435],[0.387206913772648,51.6297552434279],[0.387625591947851,51.6283429159148],[0.386819136109593,51.6269367103687],[0.38696697557617,51.6260892591172],[0.385021195563406,51.6232322080676],[0.384226550822467,51.6195648144665],[0.378698883359974,51.6166022501791],[0.376662700422729,51.6157576654777],[0.376265606679654,51.6158718826199],[0.375126917595192,51.6151727251386],[0.37577231129193,51.614889050182],[0.377698476018708,51.6121071415645],[0.379357585064869,51.6035804760347],[0.382534583979193,51.5995464488886],[0.383609209833267,51.5987242908488],[0.382797562003175,51.5980869818366],[0.381890153826372,51.5955359986351],[0.382656856071776,51.5942658956831],[0.38391437971118,51.5937107256168],[0.383424748792237,51.5934607546214],[0.384816844401321,51.5912021705811],[0.386029924757407,51.5859191129769],[0.381290117567691,51.5850009428072],[0.383239102036744,51.5767558747704],[0.382912097184574,51.5741202143726],[0.383655216295536,51.5721050356609],[0.382717977098826,51.5719540499622],[0.383665824853168,51.5697700932815],[0.381723071649614,51.5683014183173],[0.38260509348446,51.5658238168464],[0.379231056397458,51.5657357347254],[0.343784221695651,51.56782140518],[0.313035079940716,51.5658181328032],[0.290289733913774,51.5642993932384],[0.286704976605488,51.5715063001822],[0.287165750560814,51.5725503830816],[0.286752654767615,51.5734640543276],[0.285093061753907,51.5741286035279],[0.282029461872483,51.5788313987973],[0.273840655685784,51.5868620209624],[0.272228082079518,51.5876144710769],[0.271288088134029,51.5890302363882],[0.271346680594709,51.5897422267853],[0.270131498632835,51.5915185198044],[0.269335433815658,51.5952749260845],[0.270339308284292,51.5973104601022],[0.269878875433213,51.599574793483],[0.262276443445405,51.6000245784274],[0.258251335331151,51.6009204466393],[0.25798527905518,51.6012627941561],[0.255293871747717,51.6012452864434],[0.254008700235285,51.6015982016854],[0.254213567392901,51.6023811137535],[0.256625410169394,51.6036063987863],[0.257155907644333,51.604925349091],[0.25799868440234,51.6049118432195],[0.258079242397805,51.6065074444713],[0.261676730277116,51.6074607776402],[0.263115428229239,51.6073196882458],[0.264325351656562,51.6078323709939],[0.26456196557058,51.6083206617928],[0.263912163081729,51.6089923729284],[0.262272986813081,51.6096642817934],[0.259262304009973,51.6120946197374],[0.257692020085517,51.6141825208163],[0.252194314453482,51.6177694058095],[0.237351087365519,51.6240734063363],[0.224087730411796,51.6317377623678],[0.222076944786036,51.6301264417331],[0.217546984560731,51.6290934381537],[0.212109364039914,51.6271870385951],[0.212251016379556,51.6269792941631],[0.208462617720792,51.6266828501685],[0.203614197353024,51.6251732502221],[0.200311572516926,51.6249357576146],[0.199352366159106,51.6312703799925],[0.196948573197058,51.6343351459691],[0.196060315835401,51.6366504056457],[0.195921026450134,51.6388841403576],[0.194623162375268,51.640979407193],[0.193237707136158,51.6413524006735],[0.190553928847355,51.6427955277021],[0.188958991305639,51.6444637389005],[0.18844367573993,51.6458312334347],[0.184730431087088,51.6486638822483],[0.177305415155697,51.6521255371923],[0.175702646497488,51.6557918883317],[0.176784221625494,51.6561855866799],[0.179008963975788,51.6563888820836],[0.179601008027433,51.6555892726508],[0.180646411136999,51.6550491569663],[0.180702971629017,51.6537279733488],[0.182239085055501,51.6530789379143],[0.182984700197,51.6531612765211],[0.184001153136698,51.6540380794273],[0.184516916162476,51.6540896198776],[0.18656989429848,51.6527375775841],[0.189287473719784,51.6531204592209],[0.191224731112963,51.6527002669178],[0.192990348083089,51.6530990209014],[0.193600968982397,51.6549068765647],[0.192312795093703,51.6556575217721],[0.192446202243567,51.657225172206],[0.1909075120097,51.6583599589781],[0.191311930612466,51.6589198751441],[0.190857962789022,51.6598204423112],[0.193075196454639,51.6609724062075],[0.196115694128968,51.660994690078],[0.197415524765838,51.6605450454436],[0.199220292235725,51.6604591105485],[0.200927128149247,51.6596950537799],[0.208156616441341,51.660971203477],[0.208448476673309,51.6623946136444],[0.20693483047516,51.6636820634893],[0.206787275533924,51.6644861320875],[0.208103464469969,51.6652347192276],[0.208816265090996,51.6648157635078],[0.210593520699407,51.6648155768067],[0.213300860587141,51.6655343983386],[0.213602418106785,51.6665898246776],[0.212816478191734,51.6671397368256],[0.212690756283188,51.6679118607453],[0.213523225669834,51.6689987466555],[0.213107442066839,51.6706450778847],[0.21385967951315,51.6732298301153],[0.214935327266779,51.6736349683451],[0.214666199101927,51.6740168308231],[0.215026596279673,51.6748526086491],[0.216055007283143,51.6750904194426],[0.218158197506572,51.6746181807782],[0.220005318181043,51.6753871920311],[0.223633028221226,51.6754175343793],[0.224443934254816,51.6749929329097],[0.226079158285591,51.6750087834651],[0.227493424338405,51.6742939285861],[0.229437047864337,51.6746986500721],[0.231643900488013,51.6736044917836],[0.233408631508073,51.6735169959762],[0.234130662613784,51.6735230384372],[0.235074520319381,51.674040185337],[0.23616816080197,51.6735427815707],[0.239133871052621,51.6741724122458],[0.240086737169459,51.6756604928475],[0.23906745539549,51.6769011932807],[0.237637542214559,51.6773233106915],[0.237087182933229,51.6778975860604],[0.235998257392577,51.6780496762112],[0.234269255627821,51.6793335136653],[0.233726037528667,51.6793492421198],[0.233459152195837,51.6807140294519],[0.232286922285747,51.6824396411579],[0.232545703393613,51.6838465756485],[0.233494727064313,51.6844040959047],[0.235434514935997,51.6846630616148],[0.236728600118348,51.6836222337366],[0.238450552491621,51.6828681223511],[0.240225716887426,51.6827506597869],[0.240336261870598,51.6835543629849],[0.243198479629722,51.6850005864707],[0.242705720649988,51.6853940694187],[0.243079171435658,51.686216034548],[0.243842335288197,51.6866107002772],[0.244948257364015,51.6880544656633],[0.245632046693945,51.6880135224154],[0.246976883098847,51.6887297807432],[0.248792886190868,51.6888208886145],[0.248985891689078,51.689212862465],[0.252002754897953,51.6890112089973],[0.252888270687991,51.6898854500511],[0.254221558134255,51.6898139273259],[0.255113909441492,51.6903013413355],[0.254950368803784,51.6923080947714],[0.257082173164902,51.6940316160035],[0.257755973859829,51.6951859872692],[0.257778249620453,51.6958060811164],[0.257012104585831,51.6966948578525],[0.258396948047599,51.6973338032715],[0.259894219279072,51.6975846092606],[0.263514336644315,51.6992254294563],[0.26538295701511,51.6996372217881],[0.26573951076774,51.6997068531549],[0.266282151034915,51.6987485201422],[0.26567896179667,51.6983491121455],[0.26635641055939,51.6962110549365],[0.26686799618736,51.6958189082632],[0.268007793695234,51.6960981764284],[0.268036472187443,51.6964402497761],[0.269442458317669,51.6963708384844],[0.269908523969959,51.6966622042803],[0.272932334362983,51.6964481947294],[0.273969226510085,51.6968966198898],[0.275321939289742,51.6962265255991],[0.2758890717894,51.6954448740605],[0.279670898132627,51.6936430226813],[0.283478420526488,51.6941113686271],[0.284654166031028,51.693350204492],[0.283913384072778,51.6927197220493],[0.288670299310856,51.6904967353233],[0.292632114012483,51.6872934648134],[0.291820720388251,51.6862949001771],[0.29389648341172,51.6864323893982],[0.297226239175187,51.6844167225798],[0.298760167842829,51.6826545931976],[0.302124818855336,51.6809654475005],[0.303189234706326,51.6817881594937],[0.303426424127984,51.682726884827],[0.302989585259552,51.6835249997266],[0.303914732771702,51.6834241424765],[0.305058593294187,51.6848109646805],[0.303867208108029,51.68499707001],[0.303891890614182,51.6852834742592],[0.30559778480277,51.6880486634464],[0.305717367914953,51.6890355447444],[0.306893520370084,51.690199560724],[0.30742062174614,51.6918843720659],[0.30745619272613,51.6942911594293],[0.313531032150307,51.7022106386792],[0.321256626199493,51.7082858814435],[0.323826551634286,51.7097953785042],[0.323770154122384,51.7103343083928],[0.321704299028207,51.7113482017247],[0.322003419876379,51.7121571021065],[0.323371996212317,51.7132685132773],[0.323061908277197,51.7141676757474],[0.324586752759957,51.7143165132492],[0.330037386225205,51.7164307201149],[0.333999479193368,51.7170130529691],[0.335957724614062,51.7136313549228],[0.335976046082921,51.7120760739518],[0.336975324320848,51.7093052684468],[0.339199986790529,51.7067770757022],[0.339685857530025,51.7039633307716],[0.338886422999502,51.7015133181367],[0.340103393625031,51.7011167807595],[0.343901317159352,51.698406912424],[0.344691481346465,51.6970925460849],[0.344969014679105,51.6955195019509],[0.346633491175168,51.6939052718589],[0.353055641877597,51.6920978008618],[0.357375882820979,51.6914238972573],[0.360551397063566,51.6903843547418],[0.362886203064985,51.6917088486945],[0.368945687645759,51.6928368387693],[0.371768133407513,51.6949265678601],[0.373104146197578,51.695432006181],[0.376697620589116,51.6985033830842],[0.37751794826649,51.6987196394664],[0.377970301207169,51.6979371046727],[0.380505470120711,51.697380293763],[0.380089600741102,51.696929207647],[0.380758880527447,51.6961980049236],[0.380487736109199,51.6944237014833],[0.381715652424672,51.6941074161531],[0.381827464798407,51.693646532026],[0.385845635698029,51.6919920325147],[0.388127252078907,51.6916003155211],[0.389569217694718,51.690982802171],[0.391169342407921,51.6917218192465],[0.391747937803789,51.691662384078],[0.392881860172343,51.6905546315728],[0.392830556087981,51.6878253496438],[0.394335920794884,51.6877551035535],[0.395719111211395,51.6861656348428],[0.396891582159408,51.6865310994264],[0.39670450184462,51.6844133553481],[0.398965250906071,51.6835272636092],[0.398810177984152,51.6832201588911],[0.401497817732758,51.6824214070813],[0.399702670288816,51.6813294921973],[0.397826006990603,51.67946025004],[0.404896712465955,51.6786924775969],[0.406261322099845,51.6744708298863],[0.40742589367579,51.6728083740008],[0.412560206765404,51.6708961753466],[0.411565521509301,51.6703320263131],[0.411466341158295,51.6697711458585],[0.408982717411547,51.6694910916588],[0.408714616316711,51.6689372716298],[0.407438027996157,51.6684274227594],[0.40669081582021,51.6672609853669],[0.405762894688034,51.6669436567519],[0.406004733723697,51.6662956751595],[0.402845171892757,51.6634033861593],[0.400250550167901,51.6622468357186],[0.400849675175908,51.6617641832213],[0.401807188638034,51.6616313120175],[0.401659106358506,51.6606342886767],[0.402774819787676,51.6603236606616],[0.402761198114992,51.6596557383994],[0.401646259372655,51.6592972520027],[0.401520643678908,51.6581792013989],[0.400560935196292,51.6576124476264],[0.400620948748372,51.6571597899959],[0.399265455378666,51.6562153200592],[0.397953979345801,51.6543508004776],[0.39699585789825,51.6537552147949],[0.397546663370757,51.6535352879492],[0.399261448320602,51.6538114266813],[0.400744710932566,51.6526604827375],[0.401983847068128,51.6525551165724],[0.402428522622009,51.6521862936239],[0.402327882525101,51.650994906834]]]},"properties":{"LAD19NM":"Brentwood"}},{"type":"Feature","geometry":{"type":"Polygon","coordinates":[[[0.346700459081854,51.76759607116],[0.344967692328309,51.7662115311143],[0.344986163362746,51.7634377282402],[0.344159186034977,51.7600072336284],[0.342549236420423,51.7581328345769],[0.341113906099775,51.7520120563682],[0.341397212753495,51.750851677554],[0.342062693088441,51.7510012329687],[0.34415129194613,51.7493651222679],[0.344021326174561,51.747471074947],[0.346077924880154,51.741867774752],[0.345558295244858,51.7409230845213],[0.345847089534632,51.7379144804534],[0.34503472240163,51.7352337150073],[0.347507643936848,51.7315843371327],[0.347451316579649,51.7304397971731],[0.347024692547523,51.7294167445332],[0.346187391410415,51.7291321951425],[0.344723356908805,51.7277909032805],[0.343430723630494,51.7258975717037],[0.342856932168117,51.7241822905624],[0.341018713313754,51.7230201354668],[0.33908606202487,51.7210073482124],[0.335219496679386,51.7191687451991],[0.3335391841289,51.718730849992],[0.333999479193368,51.7170130529691],[0.330037386225205,51.7164307201149],[0.324586752759957,51.7143165132492],[0.323061908277197,51.7141676757474],[0.323371996212317,51.7132685132773],[0.322003419876379,51.7121571021065],[0.321704299028207,51.7113482017247],[0.323770154122384,51.7103343083928],[0.323826551634286,51.7097953785042],[0.321256626199493,51.7082858814435],[0.313531032150307,51.7022106386792],[0.30745619272613,51.6942911594293],[0.30742062174614,51.6918843720659],[0.306893520370084,51.690199560724],[0.305717367914953,51.6890355447444],[0.30559778480277,51.6880486634464],[0.303891890614182,51.6852834742592],[0.303867208108029,51.68499707001],[0.305058593294187,51.6848109646805],[0.303914732771702,51.6834241424765],[0.302989585259552,51.6835249997266],[0.303426424127984,51.682726884827],[0.303189234706326,51.6817881594937],[0.302124818855336,51.6809654475005],[0.298760167842829,51.6826545931976],[0.297226239175187,51.6844167225798],[0.29389648341172,51.6864323893982],[0.291820720388251,51.6862949001771],[0.292632114012483,51.6872934648134],[0.288670299310856,51.6904967353233],[0.283913384072778,51.6927197220493],[0.284654166031028,51.693350204492],[0.283478420526488,51.6941113686271],[0.279670898132627,51.6936430226813],[0.2758890717894,51.6954448740605],[0.275321939289742,51.6962265255991],[0.273969226510085,51.6968966198898],[0.272932334362983,51.6964481947294],[0.269908523969959,51.6966622042803],[0.269442458317669,51.6963708384844],[0.268036472187443,51.6964402497761],[0.268007793695234,51.6960981764284],[0.26686799618736,51.6958189082632],[0.26635641055939,51.6962110549365],[0.26567896179667,51.6983491121455],[0.266282151034915,51.6987485201422],[0.26573951076774,51.6997068531549],[0.26538295701511,51.6996372217881],[0.263514336644315,51.6992254294563],[0.259894219279072,51.6975846092606],[0.258396948047599,51.6973338032715],[0.257012104585831,51.6966948578525],[0.257778249620453,51.6958060811164],[0.257755973859829,51.6951859872692],[0.257082173164902,51.6940316160035],[0.254950368803784,51.6923080947714],[0.255113909441492,51.6903013413355],[0.254221558134255,51.6898139273259],[0.252888270687991,51.6898854500511],[0.252002754897953,51.6890112089973],[0.248985891689078,51.689212862465],[0.248792886190868,51.6888208886145],[0.246976883098847,51.6887297807432],[0.245632046693945,51.6880135224154],[0.244948257364015,51.6880544656633],[0.243842335288197,51.6866107002772],[0.243079171435658,51.686216034548],[0.242705720649988,51.6853940694187],[0.243198479629722,51.6850005864707],[0.240336261870598,51.6835543629849],[0.240225716887426,51.6827506597869],[0.238450552491621,51.6828681223511],[0.236728600118348,51.6836222337366],[0.235434514935997,51.6846630616148],[0.233494727064313,51.6844040959047],[0.232545703393613,51.6838465756485],[0.232286922285747,51.6824396411579],[0.233459152195837,51.6807140294519],[0.233726037528667,51.6793492421198],[0.234269255627821,51.6793335136653],[0.235998257392577,51.6780496762112],[0.237087182933229,51.6778975860604],[0.237637542214559,51.6773233106915],[0.23906745539549,51.6769011932807],[0.240086737169459,51.6756604928475],[0.239133871052621,51.6741724122458],[0.23616816080197,51.6735427815707],[0.235074520319381,51.674040185337],[0.234130662613784,51.6735230384372],[0.233408631508073,51.6735169959762],[0.231643900488013,51.6736044917836],[0.229437047864337,51.6746986500721],[0.227493424338405,51.6742939285861],[0.226079158285591,51.6750087834651],[0.224443934254816,51.6749929329097],[0.223633028221226,51.6754175343793],[0.220005318181043,51.6753871920311],[0.218158197506572,51.6746181807782],[0.216055007283143,51.6750904194426],[0.215026596279673,51.6748526086491],[0.214666199101927,51.6740168308231],[0.214935327266779,51.6736349683451],[0.21385967951315,51.6732298301153],[0.213107442066839,51.6706450778847],[0.213523225669834,51.6689987466555],[0.212690756283188,51.6679118607453],[0.212816478191734,51.6671397368256],[0.213602418106785,51.6665898246776],[0.213300860587141,51.6655343983386],[0.210593520699407,51.6648155768067],[0.208816265090996,51.6648157635078],[0.208103464469969,51.6652347192276],[0.206787275533924,51.6644861320875],[0.20693483047516,51.6636820634893],[0.208448476673309,51.6623946136444],[0.208156616441341,51.660971203477],[0.200927128149247,51.6596950537799],[0.199220292235725,51.6604591105485],[0.197415524765838,51.6605450454436],[0.196115694128968,51.660994690078],[0.193075196454639,51.6609724062075],[0.190857962789022,51.6598204423112],[0.191311930612466,51.6589198751441],[0.1909075120097,51.6583599589781],[0.192446202243567,51.657225172206],[0.192312795093703,51.6556575217721],[0.193600968982397,51.6549068765647],[0.192990348083089,51.6530990209014],[0.191224731112963,51.6527002669178],[0.189287473719784,51.6531204592209],[0.18656989429848,51.6527375775841],[0.184516916162476,51.6540896198776],[0.184001153136698,51.6540380794273],[0.182984700197,51.6531612765211],[0.182239085055501,51.6530789379143],[0.180702971629017,51.6537279733488],[0.180646411136999,51.6550491569663],[0.179601008027433,51.6555892726508],[0.179008963975788,51.6563888820836],[0.176784221625494,51.6561855866799],[0.175702646497488,51.6557918883317],[0.177305415155697,51.6521255371923],[0.184730431087088,51.6486638822483],[0.18844367573993,51.6458312334347],[0.188958991305639,51.6444637389005],[0.190553928847355,51.6427955277021],[0.193237707136158,51.6413524006735],[0.194623162375268,51.640979407193],[0.195921026450134,51.6388841403576],[0.196060315835401,51.6366504056457],[0.196948573197058,51.6343351459691],[0.199352366159106,51.6312703799925],[0.200311572516926,51.6249357576146],[0.194775111046519,51.6257147420022],[0.189814527404496,51.6251041140172],[0.18940055171144,51.6244904200979],[0.188371546923765,51.6254133065393],[0.185997113774138,51.6255223462298],[0.186268761256766,51.6245595504157],[0.185931858915748,51.624373338387],[0.182784975586598,51.6257259340545],[0.181238047261213,51.6258265951475],[0.180612434833379,51.6257357212733],[0.180397231258125,51.6244726211463],[0.175303885291077,51.6235877406178],[0.16890129781848,51.6214201704836],[0.165484191536783,51.6224454477538],[0.155912542265657,51.6233211404706],[0.149852182205714,51.6232091664889],[0.138184235471144,51.6235453969741],[0.135810576180092,51.6235471357146],[0.12918755086688,51.6214434510122],[0.128879653130177,51.6206981640024],[0.12609846056529,51.6196432736351],[0.124198641273924,51.6175059549484],[0.119307301579151,51.6153685035469],[0.118606674569968,51.6153667578969],[0.116710192938793,51.6169216499361],[0.109631880082643,51.6139617507086],[0.103837892902431,51.6125513655598],[0.103414553809219,51.6134536551426],[0.100168453577322,51.6127249215754],[0.0980683911361371,51.6154215814252],[0.0922848679306965,51.6135742646308],[0.0935550111349638,51.6125777159555],[0.0948355920702456,51.6107769721726],[0.0942363091731307,51.6106546072102],[0.0937167667862706,51.609754693297],[0.092651163320912,51.6094769230452],[0.0918738604768012,51.6082146993055],[0.0917144562687803,51.6074801573271],[0.0925811373431505,51.6061967230109],[0.0896297696725983,51.6055181187086],[0.088927039032014,51.6051844126689],[0.0889219704111431,51.6048535716048],[0.0871451977342454,51.604467042686],[0.0844750260418233,51.6063589207675],[0.0791702290191413,51.607047420655],[0.0728322280068223,51.6046873846398],[0.0659672728302149,51.6063209801546],[0.0640108984462446,51.6072249137379],[0.0629988298745402,51.606911776079],[0.0625679255850144,51.6070596822243],[0.0606978028634358,51.6082768779119],[0.0526312895035638,51.6120152268978],[0.048921421314399,51.6135710409396],[0.0482133626409663,51.613212910187],[0.048483653085655,51.6149815004204],[0.0501765382023642,51.6163908253138],[0.0520011212388728,51.6168094489632],[0.0534303006105561,51.6163411595321],[0.0542114639901093,51.6167204548834],[0.0543913816820354,51.6176004096812],[0.0537113388519905,51.6182795572605],[0.053098115652603,51.6184233362532],[0.0478606496866721,51.6174105356952],[0.0437052383961491,51.6169415500034],[0.0418681149291805,51.6163691948701],[0.0409024119461752,51.6156755843329],[0.0400141457232096,51.616097464586],[0.0402145779703481,51.616410524231],[0.0375454143782192,51.6179002376291],[0.0374777645781579,51.6183258359841],[0.0327817262068161,51.6222434914774],[0.0314706583322808,51.6231007314716],[0.0305242465485678,51.6232924937365],[0.030727318068551,51.6236360903647],[0.0289633420350293,51.6246737355531],[0.0290826521961561,51.6251131775338],[0.0268338595234593,51.6259074332292],[0.0245881097352765,51.6275180535579],[0.021819035344359,51.6288327870281],[0.0238902867271295,51.6307970257965],[0.0243296846966587,51.6323892169696],[0.0257386646061706,51.6345654070558],[0.0247314202570267,51.6359595888588],[0.0251592141335186,51.6372893897381],[0.0230828384457177,51.6377181171069],[0.0227195416969588,51.6411154938026],[0.0200796270017894,51.6404469325828],[0.0174206843425862,51.640257894419],[0.00989870250801183,51.641449720473],[0.00106727848739178,51.6417623967693],[-0.000494698122584322,51.6437107530252],[-0.00398408563311855,51.6427170535162],[-0.00455937686855317,51.6435379302142],[-0.00665694868219352,51.643333404811],[-0.00819137062374212,51.6436085480926],[-0.00844579852928483,51.6444977729012],[-0.00734376410706468,51.646161618851],[-0.00921407821782174,51.6465278478357],[-0.0122596870547121,51.6462286971895],[-0.0116340250092087,51.64975775061],[-0.0117937793557945,51.6529789747127],[-0.00892210347290382,51.6604466090955],[-0.0114814852426865,51.6637462032575],[-0.01121851043339,51.6676059488577],[-0.0105584700166787,51.6691370613039],[-0.0114118807098643,51.6712468574341],[-0.0103238608990039,51.676634926049],[-0.0110655316635855,51.6808696803679],[-0.011918675972722,51.6808778155788],[-0.0118020232705241,51.683935152906],[-0.0109469944420244,51.6855520882475],[-0.011958074458581,51.6870754381517],[-0.016214035806236,51.6899953917298],[-0.0197431177734428,51.7032159876634],[-0.0175430054868476,51.7074936422724],[-0.0147802543902547,51.7184989764121],[-0.0135362327188109,51.7283869358436],[-0.0139235487945185,51.7314437892283],[-0.0129677017014893,51.7333942934995],[-0.0137618827658967,51.7355623424326],[-0.0126350387179043,51.7376106383462],[-0.0135639767633185,51.7407701317091],[-0.0135105476770619,51.7422170644999],[-0.0128523917492156,51.7428228347486],[-0.0120493869349473,51.7430007476019],[-0.00742493491699912,51.7417328298476],[-0.00613592930263312,51.7417271612795],[0.00116831607272196,51.7450562061589],[0.00176865811089415,51.7459208886219],[0.00326337025977101,51.7535679035059],[0.00228192172084656,51.7541790368846],[0.00436687883450152,51.7554204416322],[0.0102365866305829,51.7556466525703],[0.0129923159200073,51.757465452581],[0.0134748129391274,51.7581163327012],[0.0133885724658256,51.7589460510936],[0.0120821944818912,51.7609817978166],[0.0131351463227672,51.7628575869044],[0.0145116640044805,51.7632098753273],[0.0137449932578787,51.7643147447025],[0.0140290578120465,51.7643799998415],[0.0159993163176304,51.7656024696408],[0.0166495781208555,51.7669878020855],[0.0180438059228518,51.7672812997445],[0.017447598109006,51.7687330746084],[0.0179073138247584,51.7690947580717],[0.0182986018290196,51.7689000584809],[0.0181370054701333,51.7696951167569],[0.0267994429079434,51.7741799003898],[0.0308342087640862,51.775198299865],[0.035787403905404,51.7757456679626],[0.040415751170084,51.7752913194812],[0.0408318185774169,51.7755170238458],[0.0423234182265882,51.7751305209208],[0.0504803436552452,51.7758067403545],[0.0532269578166154,51.7767876022885],[0.0549068468559462,51.7782851072539],[0.0576635393893906,51.7796739282513],[0.0580730408643352,51.7795292097521],[0.0587811428252942,51.7798944772282],[0.060158176200483,51.7783595676523],[0.0609380798732429,51.7783908428306],[0.0612683930936644,51.7780064781088],[0.054068810963473,51.7755355006962],[0.055459034057706,51.7713574560295],[0.0553353628013941,51.7705818052164],[0.0547324055948234,51.770262326905],[0.0552963101325956,51.7677435374686],[0.0548703228654278,51.7663103490377],[0.0576700876885823,51.7658899851723],[0.0581888825589844,51.7630213035895],[0.0576634140589152,51.7629064446542],[0.0584599789611794,51.7611461158196],[0.0602532943595816,51.7618601320312],[0.0616502704557465,51.7600165250972],[0.0629503577072533,51.7601824973933],[0.0632564760754046,51.7620637434414],[0.064588051702876,51.7621851839793],[0.064588937090236,51.7616024435552],[0.0674666361389067,51.7614052364168],[0.0656297916942193,51.7582146496478],[0.0655088876872608,51.7539804642663],[0.0634638246874736,51.752217869742],[0.0642321170068764,51.7518132260964],[0.0638379120882164,51.7515251913796],[0.0641844105030165,51.7513068532467],[0.0679765707423538,51.7511610817615],[0.06704561153263,51.7492719570266],[0.0680376825517163,51.7491393452276],[0.0676373957580033,51.7484306111276],[0.0682893662386768,51.7482428484096],[0.0680597654086051,51.7478476473947],[0.0691324384722434,51.7470986085742],[0.0697416816505924,51.747559942417],[0.0700568113188071,51.7474195443469],[0.0769634208420658,51.7436763860032],[0.0762886606925162,51.7428286918051],[0.0779706833622228,51.7418250871953],[0.0789038080848835,51.7422725573512],[0.0807520697178386,51.7413900310411],[0.081122150288869,51.7382847247294],[0.0842865117329116,51.7346899995987],[0.0926004046887484,51.7361761600158],[0.096742662952817,51.7381472947373],[0.100340984369603,51.7389688214267],[0.099631857223398,51.7405758945477],[0.0973549517668442,51.7432360765786],[0.0997756384510205,51.7439563653239],[0.0996566639251043,51.7441697557456],[0.102442501200667,51.746295249024],[0.102807250760153,51.7459757807011],[0.107468045687071,51.7473563122905],[0.108013444627688,51.7455048316924],[0.114735277274061,51.7469955284395],[0.114467617951045,51.7477782579537],[0.119046412732295,51.7482910975816],[0.120467589293495,51.7479182610374],[0.123502763205137,51.7489084597036],[0.126824733733981,51.7491253643864],[0.126610111544441,51.7521408375106],[0.131901542064822,51.7530683015309],[0.133764008721516,51.7529275134259],[0.133659860465432,51.7539464524817],[0.147396560148029,51.7575676687467],[0.149106487923314,51.7607126279036],[0.151622102761669,51.7640631464794],[0.160143198446011,51.7720955664947],[0.163614753991472,51.7760342824964],[0.168018960489515,51.7827839811818],[0.16224079671656,51.78365215552],[0.155037233509666,51.7858050726965],[0.153660682661596,51.7887465999193],[0.151595538498273,51.789015557716],[0.151557551736022,51.7906546956833],[0.152431217933983,51.7916143936156],[0.154398801699856,51.7925225723217],[0.153569346772302,51.7938003392788],[0.15198584831089,51.7941999131925],[0.150549420783959,51.7939438260293],[0.149093310747578,51.7932078317926],[0.147419924690578,51.7934569590523],[0.145928179770158,51.7945983320131],[0.145868185761209,51.7953800339158],[0.146523912252733,51.7957825972537],[0.146141158428203,51.796243762479],[0.14817366502489,51.795953038327],[0.150766868798829,51.7970495131105],[0.151550811805101,51.7991996141481],[0.150453989355686,51.8009624996162],[0.150674062529813,51.8023856447408],[0.151124486638819,51.8027379945526],[0.153450390830927,51.8030263294885],[0.154074430474251,51.8035202273895],[0.155508695737005,51.8064624535698],[0.155324371098873,51.8072823106913],[0.158187648168102,51.8100687469679],[0.158698788135846,51.8123876076149],[0.15830881878831,51.8135169974375],[0.16226031473216,51.8145945694267],[0.16700844602648,51.8132796345159],[0.168005038707745,51.8149699120749],[0.170387112750323,51.816561701832],[0.172583035411387,51.8163043896198],[0.173305697168259,51.8175419106745],[0.173021847901914,51.818880743949],[0.170158670176648,51.819297010424],[0.16930511790335,51.8182623652858],[0.164731842626186,51.8192405459749],[0.164668809800045,51.8197102685203],[0.166251617449305,51.8221540085985],[0.174970191297454,51.8205308912524],[0.176243820186857,51.8200099916016],[0.182164774977516,51.8202599300552],[0.188443175924959,51.819654980004],[0.190023298798497,51.8150446559916],[0.192167362824642,51.8136935798135],[0.19210192698965,51.8124043613825],[0.190773362264441,51.8096602658749],[0.19239395721068,51.8080770138066],[0.192813560206874,51.8062931016326],[0.192593130240345,51.8047378784486],[0.195449446614654,51.8011297862166],[0.195248365286697,51.8000652457589],[0.194154672425064,51.7985712803056],[0.195053742377563,51.7980895256382],[0.195037649236241,51.7976375332084],[0.196660647628044,51.7957906696513],[0.197976924999242,51.7959279764565],[0.19868800238712,51.7965612475976],[0.19965396446462,51.7965638521759],[0.201244256125821,51.7953587122487],[0.201800072117536,51.795425617895],[0.203440290946899,51.7940864582507],[0.206080520444291,51.7932698972423],[0.207443188952766,51.792103107347],[0.210512272361126,51.7927054852075],[0.213827463224183,51.7940684802117],[0.212895994928294,51.7965203689426],[0.21234758667951,51.7969596108993],[0.218717894316324,51.7981812332259],[0.221983449153386,51.7985215016472],[0.222144546292968,51.7968440452672],[0.224099520734989,51.7968727015189],[0.224183928842739,51.7965833309056],[0.226767271970567,51.7959130269978],[0.225797186600723,51.7945034065562],[0.231547967788357,51.7951605182497],[0.232634677860747,51.7936750345119],[0.233095576189195,51.7914675649372],[0.233819764298992,51.7910391809399],[0.235838672706804,51.7910746075492],[0.234914171254635,51.7896524176584],[0.235839981658736,51.7886096677282],[0.237341941863253,51.7878723972736],[0.238087592474942,51.7879976402631],[0.238343371653042,51.78865282631],[0.240921961134144,51.7883968345699],[0.237431373052678,51.7867205862896],[0.236839675417624,51.786132924344],[0.236539158369244,51.7821979928565],[0.237677631557306,51.7797753274744],[0.242614938338665,51.7806686195531],[0.250169002239426,51.7808866466446],[0.253823679424126,51.7817249054431],[0.257498996142367,51.7818702317809],[0.258413076956961,51.7835945199954],[0.259268603151077,51.7842057738151],[0.262508906839147,51.7844042564006],[0.263799466158064,51.7852742016866],[0.266100241967254,51.7855877688951],[0.267590270234642,51.7862136997802],[0.267993245902568,51.7871636492219],[0.274135344702951,51.7876511014101],[0.277698821472501,51.7891054958551],[0.280088349363783,51.7889305215868],[0.281640781877832,51.789521801678],[0.284466345661662,51.7891054281318],[0.285184984409419,51.7894665317185],[0.285941358436989,51.7891127149205],[0.28865603457252,51.7889726879964],[0.295616775458178,51.790265054973],[0.297460671509899,51.7899664276885],[0.29672924003409,51.7887864596753],[0.297695793923653,51.7885732922224],[0.297360285121703,51.7881635120891],[0.297899476641282,51.7877024733501],[0.298344044428276,51.7854374144388],[0.299199375212923,51.7852085172272],[0.298233632448295,51.7844368928303],[0.298554230960524,51.7841824936929],[0.298289630815285,51.7833423158971],[0.296850063079247,51.7826033174535],[0.297273456457514,51.7820618327834],[0.296456277888916,51.7805606987947],[0.297274824438663,51.7804916613614],[0.297910613464262,51.7798209677269],[0.299999089331586,51.7790965916784],[0.302335645362078,51.7787172187188],[0.302228204974767,51.7778327048733],[0.302829876337135,51.7774071874183],[0.302052811062654,51.7754422168113],[0.299145087730188,51.774333635893],[0.298596565286694,51.7737238582383],[0.298901359965129,51.7722503292918],[0.299365659995665,51.7718598802286],[0.303305510962017,51.7715750615081],[0.307302241635743,51.7699067408828],[0.307908855334355,51.7701781138895],[0.312288160797433,51.7703275821903],[0.31296581704781,51.7688421813626],[0.31846882342874,51.7699351223324],[0.319598629288696,51.7726044297874],[0.320082119827686,51.7725634205145],[0.322349170654027,51.7720248996707],[0.321638690141353,51.7699328721702],[0.323813218134288,51.7700526201575],[0.32497885898505,51.7705071308229],[0.325319473409508,51.769689198845],[0.32729865322265,51.7691689521697],[0.33610902181503,51.7683115223502],[0.33885353219588,51.767906225701],[0.340547918679747,51.767318510819],[0.346700459081854,51.76759607116]]]},"properties":{"LAD19NM":"Epping Forest"}},{"type":"Feature","geometry":{"type":"Polygon","coordinates":[[[0.146141158428203,51.796243762479],[0.146523912252733,51.7957825972537],[0.145868185761209,51.7953800339158],[0.145928179770158,51.7945983320131],[0.147419924690578,51.7934569590523],[0.149093310747578,51.7932078317926],[0.150549420783959,51.7939438260293],[0.15198584831089,51.7941999131925],[0.153569346772302,51.7938003392788],[0.154398801699856,51.7925225723217],[0.152431217933983,51.7916143936156],[0.151557551736022,51.7906546956833],[0.151595538498273,51.789015557716],[0.153660682661596,51.7887465999193],[0.155037233509666,51.7858050726965],[0.16224079671656,51.78365215552],[0.168018960489515,51.7827839811818],[0.163614753991472,51.7760342824964],[0.160143198446011,51.7720955664947],[0.151622102761669,51.7640631464794],[0.149106487923314,51.7607126279036],[0.147396560148029,51.7575676687467],[0.133659860465432,51.7539464524817],[0.133764008721516,51.7529275134259],[0.131901542064822,51.7530683015309],[0.126610111544441,51.7521408375106],[0.126824733733981,51.7491253643864],[0.123502763205137,51.7489084597036],[0.120467589293495,51.7479182610374],[0.119046412732295,51.7482910975816],[0.114467617951045,51.7477782579537],[0.114735277274061,51.7469955284395],[0.108013444627688,51.7455048316924],[0.107468045687071,51.7473563122905],[0.102807250760153,51.7459757807011],[0.102442501200667,51.746295249024],[0.0996566639251043,51.7441697557456],[0.0997756384510205,51.7439563653239],[0.0973549517668442,51.7432360765786],[0.099631857223398,51.7405758945477],[0.100340984369603,51.7389688214267],[0.096742662952817,51.7381472947373],[0.0926004046887484,51.7361761600158],[0.0842865117329116,51.7346899995987],[0.081122150288869,51.7382847247294],[0.0807520697178386,51.7413900310411],[0.0789038080848835,51.7422725573512],[0.0779706833622228,51.7418250871953],[0.0762886606925162,51.7428286918051],[0.0769634208420658,51.7436763860032],[0.0700568113188071,51.7474195443469],[0.0697416816505924,51.747559942417],[0.0691324384722434,51.7470986085742],[0.0680597654086051,51.7478476473947],[0.0682893662386768,51.7482428484096],[0.0676373957580033,51.7484306111276],[0.0680376825517163,51.7491393452276],[0.06704561153263,51.7492719570266],[0.0679765707423538,51.7511610817615],[0.0641844105030165,51.7513068532467],[0.0638379120882164,51.7515251913796],[0.0642321170068764,51.7518132260964],[0.0634638246874736,51.752217869742],[0.0655088876872608,51.7539804642663],[0.0656297916942193,51.7582146496478],[0.0674666361389067,51.7614052364168],[0.064588937090236,51.7616024435552],[0.064588051702876,51.7621851839793],[0.0632564760754046,51.7620637434414],[0.0629503577072533,51.7601824973933],[0.0616502704557465,51.7600165250972],[0.0602532943595816,51.7618601320312],[0.0584599789611794,51.7611461158196],[0.0576634140589152,51.7629064446542],[0.0581888825589844,51.7630213035895],[0.0576700876885823,51.7658899851723],[0.0548703228654278,51.7663103490377],[0.0552963101325956,51.7677435374686],[0.0547324055948234,51.770262326905],[0.0553353628013941,51.7705818052164],[0.055459034057706,51.7713574560295],[0.054068810963473,51.7755355006962],[0.0612683930936644,51.7780064781088],[0.0609380798732429,51.7783908428306],[0.060158176200483,51.7783595676523],[0.0587811428252942,51.7798944772282],[0.0580730408643352,51.7795292097521],[0.0576635393893906,51.7796739282513],[0.0597288900181523,51.7829424844145],[0.06086901398836,51.7835268053538],[0.063683682157844,51.7839531642186],[0.0682544528811379,51.7839393459333],[0.0698311164218211,51.7833180696538],[0.0770544775725121,51.7824721624907],[0.0796910366747077,51.7829615279253],[0.0798154965888453,51.7833675627613],[0.0806910087754911,51.7835832007196],[0.0810265599422644,51.7832193674307],[0.0817710018854862,51.7832025888987],[0.0824950390567596,51.7834982152903],[0.0846180859087057,51.7833813915888],[0.0859937875053794,51.7838174625917],[0.0862222769874124,51.7835229405775],[0.0865976304869179,51.783768990009],[0.0871968775021855,51.7835613828524],[0.0877100268063386,51.7840603886614],[0.0890983216811354,51.7842658750471],[0.0900623136870056,51.7839474874561],[0.0909668133518161,51.7840699412109],[0.0912754560948424,51.7837515095452],[0.0913451660784267,51.7842871539595],[0.091867694027999,51.7841114533254],[0.091982585896885,51.7844322408335],[0.0925604386812752,51.7845118589247],[0.0957250650743795,51.7834060891858],[0.096922999883811,51.7836023788819],[0.0977399947299569,51.7832424986475],[0.0992545107656357,51.7832307529417],[0.101003311009644,51.7839548605658],[0.102160088588817,51.7849161672004],[0.103571703018892,51.7850914901311],[0.107320535815107,51.7879397433753],[0.112843146076796,51.7887066532322],[0.115374743552294,51.7887042904066],[0.118707025860678,51.7900677791413],[0.120520328541463,51.7901763264391],[0.122043599186512,51.7912432052308],[0.123880871823566,51.7936812188502],[0.125433351556184,51.7945003013339],[0.125694565555783,51.7951834982169],[0.127405119220886,51.7949205305509],[0.128908361882716,51.7953061488948],[0.129167509987327,51.7958832934365],[0.130854431358544,51.796011861311],[0.132787307958375,51.7958203925771],[0.134308724730118,51.7952693860835],[0.135195519671887,51.7953764494819],[0.135857225885881,51.7950469927974],[0.138930117503779,51.7957465708065],[0.13934646131359,51.7963325203741],[0.140465676216424,51.7964784681371],[0.141451954662716,51.7972132486735],[0.144002690796089,51.7972054239409],[0.146141158428203,51.796243762479]]]},"properties":{"LAD19NM":"Harlow"}},{"type":"Feature","geometry":{"type":"Polygon","coordinates":[[[-0.404858806630098,51.8406074650737],[-0.408599852859228,51.8387887514188],[-0.412686347818422,51.8381192859368],[-0.416276002704226,51.8357605506638],[-0.417588191133509,51.8319944487391],[-0.417936374758423,51.8286847786067],[-0.419938366878424,51.8258873595482],[-0.418975109652676,51.8227308432518],[-0.419055521389743,51.8218012610771],[-0.419726508221817,51.8209551317184],[-0.414111631357665,51.8190855866141],[-0.415493941193617,51.8182266054412],[-0.416957896806344,51.817896560199],[-0.41748165856951,51.8174414733325],[-0.42181484296336,51.8157975267551],[-0.421584886771124,51.8152343134407],[-0.422885979291961,51.8145800097834],[-0.42429013300338,51.8130450417097],[-0.427500502727786,51.8116305159714],[-0.427705598271229,51.8106558511807],[-0.427170182155298,51.8097440905916],[-0.428828917635401,51.8067647441419],[-0.428535089727386,51.8063723865517],[-0.427944943038587,51.8064498916793],[-0.425203983567893,51.8048539903958],[-0.424829449012794,51.8049047948274],[-0.422896441549873,51.8032728318464],[-0.420952119887484,51.8022558244006],[-0.415922983095553,51.8020694742552],[-0.411968409336411,51.8002788126948],[-0.412439288971045,51.7991360671391],[-0.409362472895445,51.7973059325263],[-0.411428108466722,51.7953116326175],[-0.412160663154792,51.7933252672017],[-0.413660309286595,51.7933149606132],[-0.413368275638838,51.7911853029532],[-0.416409105941239,51.7908486840065],[-0.419722140151335,51.790979589122],[-0.427305307137481,51.7920759176914],[-0.429950440424033,51.7904396331483],[-0.434896908444823,51.7890418016954],[-0.44058423783946,51.7868783608151],[-0.439390875662709,51.7845300483708],[-0.436394327507072,51.7820524714468],[-0.435914954316034,51.7812422619482],[-0.434625018844965,51.7801891474551],[-0.432959213120263,51.7796472657049],[-0.430324277160347,51.7775448054696],[-0.431458037249142,51.7766625388922],[-0.430707160520197,51.7732797006543],[-0.430822127244912,51.771888333328],[-0.430080300762498,51.7702104441519],[-0.428442952647931,51.7702406900594],[-0.429738640256634,51.7679048678578],[-0.425889912398721,51.766390336955],[-0.422831588696582,51.765989649132],[-0.423356748353965,51.7624790642985],[-0.42281894937449,51.7601563579722],[-0.42346130915863,51.7562769261235],[-0.424390249119248,51.7538175218223],[-0.42570201791198,51.7528864736888],[-0.423745876822905,51.7506877993592],[-0.421024411388094,51.7487610635784],[-0.42404410475959,51.7457055511907],[-0.42456724940683,51.7458249443374],[-0.426557004192506,51.7443427848579],[-0.423770577073616,51.7426255814079],[-0.422080280259691,51.7408368511604],[-0.425325124958233,51.7401187285692],[-0.425029525587432,51.7395401450814],[-0.426484987604983,51.739210775388],[-0.426094450741877,51.7384466346067],[-0.434911940307319,51.7359307469253],[-0.434547028904242,51.7353440729861],[-0.438309489460929,51.7344634938717],[-0.440448487772913,51.7334550751654],[-0.439582478540388,51.7324032138788],[-0.44023210722341,51.7322094946879],[-0.440668658009691,51.7323996696517],[-0.442372654940534,51.7314008208529],[-0.439887685548108,51.7282026222848],[-0.444987700258382,51.7265968268523],[-0.447627821482836,51.7260734446154],[-0.447743296268615,51.7264247520595],[-0.448438030603835,51.7263053001403],[-0.45008476825028,51.7255322132055],[-0.450029911409494,51.7226891203692],[-0.449317744813487,51.720482967694],[-0.448441648065713,51.7192215015064],[-0.446661943211429,51.718386851015],[-0.445948299481552,51.7159342567277],[-0.444168985409716,51.7136186517558],[-0.44293527264833,51.7126617358028],[-0.44256791900812,51.7098297746426],[-0.44156873253519,51.7079039237091],[-0.442293451524883,51.7061465580801],[-0.440261353822466,51.7010139280435],[-0.444002080810954,51.700427768512],[-0.44644659723008,51.6995761585295],[-0.44864343484222,51.698344473006],[-0.454443939826603,51.6972626945879],[-0.455076908026269,51.6968617959609],[-0.464105112262946,51.6953523585456],[-0.46668724031271,51.6958437706079],[-0.471885036815554,51.6975480091216],[-0.475145807649066,51.698085788271],[-0.475871456857797,51.6985394699886],[-0.48118037069643,51.6982440410345],[-0.483939572579303,51.6985080100991],[-0.489488505800219,51.6981290015789],[-0.494786698672418,51.6990225057945],[-0.497246150333587,51.6997814246285],[-0.502948643385718,51.7005349052948],[-0.51189342516975,51.704227365378],[-0.512500447653733,51.7053105645965],[-0.514104259767505,51.7062291848107],[-0.515495300031625,51.7065776710969],[-0.518590669200477,51.7040602739445],[-0.520667976050815,51.6981830700017],[-0.522361713452673,51.696605582068],[-0.523014783869473,51.6950806177685],[-0.523157503099596,51.6904720982954],[-0.524545323038069,51.6880562288066],[-0.524342722639775,51.685391144803],[-0.523727217541093,51.6837648342129],[-0.5242727897625,51.682112655748],[-0.527602237254644,51.6816795964474],[-0.531123249492871,51.6806833029044],[-0.531933848502054,51.6807572599072],[-0.532117765892209,51.6817783499169],[-0.534795062071575,51.6816904090724],[-0.535050581783638,51.6809013415356],[-0.536444860898314,51.6808602846631],[-0.538889081532902,51.679834158485],[-0.539625680845418,51.6802695129617],[-0.546283970393001,51.6804374840903],[-0.546698416329984,51.6830333217147],[-0.547551292629899,51.6830069208072],[-0.547876050171284,51.6825334977613],[-0.548696117291794,51.6826712819357],[-0.549159631118506,51.6848674997216],[-0.54862820242859,51.6870109762498],[-0.547115387764151,51.6892142345736],[-0.543788320483136,51.6922681610163],[-0.542969579019276,51.6937075805643],[-0.544017145197112,51.6968174726995],[-0.546884526119122,51.6986360468955],[-0.546750662782821,51.701324877443],[-0.547668033138723,51.7031814144689],[-0.548835395696988,51.7036489996244],[-0.552419128747363,51.7040384877886],[-0.555331018658727,51.7055328710578],[-0.557212417545606,51.7070774603639],[-0.558076766090909,51.7084791083698],[-0.562309530293392,51.7109642422645],[-0.563209678177221,51.7118798635673],[-0.562420183249153,51.7158707220991],[-0.561302550301128,51.7180187537754],[-0.558480916998349,51.7192998005781],[-0.555839678267643,51.721822017708],[-0.550413609644404,51.7230428902594],[-0.550106348391751,51.7239122513021],[-0.550532574696001,51.7247087634288],[-0.551665188516347,51.7244700280015],[-0.551434458701924,51.7251677367573],[-0.553596792664468,51.7284108013512],[-0.553080004726725,51.7284062404568],[-0.551555135108707,51.7300410792071],[-0.550082820807204,51.7305750653227],[-0.554304073760701,51.7323372991094],[-0.55299938029333,51.7333337341178],[-0.553720360510688,51.7340647307949],[-0.55452486311363,51.7341285618006],[-0.556002202764802,51.7332142371888],[-0.558348551447813,51.734108089307],[-0.559539357361668,51.7334122465292],[-0.560646328420069,51.7340760129433],[-0.55844154387197,51.7356468807334],[-0.559245255678629,51.7373319209044],[-0.560319723640518,51.7372893480421],[-0.563445752603537,51.7356684873117],[-0.565297382038721,51.7363718700715],[-0.565572341425497,51.7365613062936],[-0.562954559555373,51.7382792298955],[-0.563699987436117,51.7396173413188],[-0.566201274130538,51.7384689920667],[-0.566817763925134,51.7390358318631],[-0.568398719149239,51.737541716276],[-0.569245984617334,51.7378155107771],[-0.570369840224965,51.7368023155499],[-0.569641381668747,51.7360714219813],[-0.570012966361314,51.7359050528699],[-0.57191058083681,51.7357518341932],[-0.573210294626064,51.7360508712169],[-0.57616979186541,51.7378222537227],[-0.579432084653712,51.7412580192859],[-0.580926086007094,51.7437740472481],[-0.583770522099174,51.7462828646683],[-0.584715355652391,51.7486816547998],[-0.585882647166665,51.7503133466882],[-0.586379726976092,51.752115950395],[-0.59526914413648,51.7513151781199],[-0.600867054449075,51.7513558483654],[-0.60515171468078,51.7498682127229],[-0.609099825446911,51.7494708114913],[-0.611116463487777,51.7480954469429],[-0.612935985356938,51.7474272560625],[-0.613539433650593,51.7482985244364],[-0.613766437742306,51.7509133422121],[-0.617285805193947,51.7526497285439],[-0.620202288857659,51.7528827417235],[-0.62322684517483,51.7543704289773],[-0.623708886873382,51.7534768625178],[-0.625528370827557,51.7543883622401],[-0.626219070697274,51.7536356619433],[-0.628312901576674,51.754676264383],[-0.629879197374745,51.7540002737316],[-0.629378291840481,51.7533667975781],[-0.63104083629667,51.753048971541],[-0.643665829009842,51.754087278926],[-0.646910557364842,51.7560381343839],[-0.647778618028325,51.7572944042036],[-0.649212013670833,51.7576184028244],[-0.64859589254678,51.7585527811096],[-0.651314878588825,51.7599309593624],[-0.652453356690551,51.759362308553],[-0.65934968012612,51.7634874161745],[-0.66360785563988,51.7648316942237],[-0.666682611362214,51.7651326768628],[-0.668725793129484,51.7657268246996],[-0.673469490089942,51.7684717392875],[-0.675999393571865,51.7712571818922],[-0.676093720424847,51.7732849755076],[-0.677371870633114,51.7758692200283],[-0.676176339887334,51.7789813578358],[-0.677487293389455,51.7809446296058],[-0.679133003496772,51.7820736615789],[-0.679401242619702,51.7847553084903],[-0.681499831599607,51.7880591388169],[-0.68408813613334,51.7889954110015],[-0.683976748819197,51.7892864072103],[-0.690190999010661,51.7923392108272],[-0.69010633377959,51.7925630891512],[-0.688767383881983,51.7926317754115],[-0.683970466990608,51.7937903289404],[-0.682189889465158,51.7945841952136],[-0.684022978370953,51.7962726712634],[-0.682650033195759,51.7972095383621],[-0.685394264649477,51.8001859212165],[-0.687164443502982,51.8013521617507],[-0.690381747765922,51.8044937583248],[-0.692551395896301,51.8058018951891],[-0.695609816419922,51.809546721557],[-0.699138858786536,51.811970301425],[-0.701147559853478,51.8148625885959],[-0.709295276544129,51.8205395961038],[-0.711498098729045,51.8191062645265],[-0.711851056628568,51.8183278185519],[-0.714344996981918,51.8173094030093],[-0.719216744430734,51.8161378650891],[-0.72145729181818,51.8166837671113],[-0.723653476773253,51.8177730671437],[-0.728961603959229,51.8217615690248],[-0.730431167226292,51.8251762465714],[-0.731497089773907,51.8265428227598],[-0.737851852117048,51.8309476719628],[-0.736706376915181,51.831897469165],[-0.737882816850392,51.8340446905807],[-0.74452572383334,51.8374345336072],[-0.745136855962678,51.838060566032],[-0.745678020612612,51.8420936389668],[-0.744084100458909,51.8424614598161],[-0.741420298758171,51.8425660444858],[-0.736401572705532,51.8423774444759],[-0.734583405180644,51.8441112009951],[-0.732891797394665,51.8475907655324],[-0.731846131931976,51.8481216227344],[-0.731187841864694,51.8489705406749],[-0.727395480931195,51.8503619713808],[-0.725294569109746,51.8497988211478],[-0.722615809595082,51.8500080696017],[-0.72204677281076,51.8508218603013],[-0.721995413739695,51.8524830021343],[-0.722534854523376,51.8542502448522],[-0.720268145545602,51.8561471011597],[-0.7158027111267,51.8574859164789],[-0.71462453376867,51.8576555340778],[-0.714240998223748,51.8573546192524],[-0.71047014938632,51.8578025530075],[-0.709342631149599,51.8562508248214],[-0.7070763034413,51.854414119908],[-0.703911201799223,51.8558656483843],[-0.701727235923303,51.8575319755624],[-0.699777730404245,51.8580122332279],[-0.696357328407462,51.8581344181896],[-0.694579781392034,51.8564306137507],[-0.692311242384645,51.8570447453158],[-0.688282924653491,51.8506068556331],[-0.686767774211115,51.8492402545108],[-0.691752070560947,51.8450814534694],[-0.693811111150048,51.8425084936475],[-0.695451174124327,51.8411104921078],[-0.692018452800294,51.8402973471255],[-0.690804149553232,51.8404249625355],[-0.690238299049352,51.8412656860437],[-0.687053647139483,51.8391153635941],[-0.683244999156013,51.835474447288],[-0.681801827919199,51.8318131072053],[-0.679922266719758,51.8295846292659],[-0.679805768725406,51.8288056018189],[-0.678642777962097,51.8273367943958],[-0.678425867162785,51.8260692593171],[-0.676803048071796,51.8239568769379],[-0.672452698267141,51.8196684434668],[-0.669194892026538,51.8185553154587],[-0.668815608226606,51.8171942422173],[-0.667186881146876,51.8158037319664],[-0.666629704174697,51.8160023704877],[-0.664912989999463,51.8155243811436],[-0.662901403742575,51.8162397239537],[-0.659131579308957,51.8154334881241],[-0.655351150782076,51.815814732212],[-0.652964330858232,51.8152938477922],[-0.651115676233527,51.8152582889962],[-0.647770441650684,51.813605794706],[-0.644380775371817,51.8157616532572],[-0.641009104142905,51.8163918098077],[-0.637219364249587,51.8179376935109],[-0.635235009500576,51.8182132189564],[-0.632939595714382,51.8199461874726],[-0.627600920488255,51.8173034159171],[-0.626759739206772,51.8172450561763],[-0.625651025698763,51.8158733962554],[-0.624425182159795,51.8162547687876],[-0.622745309785915,51.8158700605014],[-0.621808853737799,51.8160379755493],[-0.620673594589764,51.8149223270399],[-0.618389091393355,51.8145321722585],[-0.615554340297164,51.8149592637637],[-0.614293945254935,51.8134841309575],[-0.613674853871747,51.8136630013375],[-0.612423841890649,51.8129244407071],[-0.611869248475584,51.8120447782419],[-0.606425640570055,51.8123508482928],[-0.603182037884066,51.8132897645911],[-0.597605157239498,51.8142825958686],[-0.594832272868406,51.8140229730984],[-0.5944836121563,51.8111504470165],[-0.591654826308663,51.8081357910766],[-0.581825667306615,51.8069054436194],[-0.581573564356702,51.8075866615713],[-0.577216104797198,51.811779900725],[-0.577369927673814,51.8120982721185],[-0.574302633000142,51.8162504615392],[-0.576242464718625,51.8169366425579],[-0.575170363479958,51.8188173259738],[-0.574132314971944,51.8186113896974],[-0.573672443243075,51.8192064729982],[-0.572554466938174,51.8190463863601],[-0.572424750320031,51.8194332362975],[-0.571056799284134,51.8189696822704],[-0.569738699432439,51.8190813984828],[-0.567144721879603,51.8198051028464],[-0.566227873848089,51.8209422127464],[-0.562421616133183,51.8237335628856],[-0.560787406154397,51.826382297368],[-0.558794905146327,51.8246620879912],[-0.558348333792725,51.8247878582692],[-0.557977454309691,51.8255395756867],[-0.561269611276114,51.8288708369683],[-0.560656237503438,51.830082630502],[-0.557137733245316,51.830966586363],[-0.555377175969769,51.8283913235663],[-0.553628614556977,51.826712674402],[-0.54849848053385,51.8241578537946],[-0.544852011045582,51.8206500631211],[-0.54168481871377,51.8184447038958],[-0.543710916055878,51.8169843329953],[-0.542746637684052,51.8157593817744],[-0.543179757873722,51.8154635172359],[-0.541165218003134,51.8147300172833],[-0.541092649021554,51.8149988845342],[-0.536925366055835,51.8141252366162],[-0.532218508907144,51.8087533083878],[-0.530434798722818,51.809451344425],[-0.529563894536929,51.8083568929399],[-0.524798361939086,51.8060645490954],[-0.521975722915265,51.8054886746894],[-0.520813413563197,51.8057698988943],[-0.519728847877412,51.8050953620297],[-0.517515316314741,51.8084565222704],[-0.510697296607719,51.8111074787997],[-0.506368288760077,51.8139658787997],[-0.502282758285977,51.8154586940914],[-0.503967675745331,51.8165807053537],[-0.504275897419292,51.8176969573305],[-0.500875369845304,51.8193944006723],[-0.502485771157141,51.820576699699],[-0.501593732786462,51.8214869970659],[-0.503346676590601,51.8224435832146],[-0.508810343889376,51.8240479406451],[-0.509772368529688,51.8251013658987],[-0.511192917001904,51.8258936103662],[-0.507968691976582,51.8264605767119],[-0.506016779872407,51.8272998264938],[-0.505425257439896,51.8316623260735],[-0.501818268966651,51.8367948225647],[-0.496732247541377,51.8373251520692],[-0.493980261293715,51.8356344693459],[-0.491881849047484,51.8352784677103],[-0.492062076854508,51.8383532957753],[-0.490932895044853,51.8428193896854],[-0.479570821304971,51.8421443184688],[-0.471195676810699,51.8454678697177],[-0.476980200809285,51.8501664729969],[-0.47829846763004,51.8531365025918],[-0.474784916748534,51.8539037750623],[-0.470419996730907,51.8557101697987],[-0.469683314908622,51.855898435335],[-0.468249255885748,51.8530599299334],[-0.465866367939232,51.8508069885817],[-0.46410445097099,51.8501473635275],[-0.461183309115498,51.8526142811435],[-0.457874977407183,51.850599048981],[-0.45406309306899,51.8530325282195],[-0.447524508948031,51.8476015346548],[-0.438986392340041,51.8518351278902],[-0.432725263582117,51.8481263582528],[-0.431653536426036,51.8488871173263],[-0.425234924861339,51.8467206438445],[-0.424912969891763,51.8467091383088],[-0.424847978706793,51.8494435215855],[-0.423484595279717,51.8494027700086],[-0.423447669162771,51.8497124949966],[-0.421631227953708,51.8495505811776],[-0.421500810100557,51.8502052260499],[-0.41933062238436,51.8487454206506],[-0.413930250881532,51.846500258419],[-0.411984758429361,51.8461736678926],[-0.409175975493713,51.8429498817676],[-0.404858806630098,51.8406074650737]]]},"properties":{"LAD19NM":"Dacorum"}},{"type":"Feature","geometry":{"type":"Polygon","coordinates":[[[-0.255135646164785,51.7295373738385],[-0.252252496979907,51.7267546523414],[-0.250783907992779,51.7246249717128],[-0.241062923310416,51.7157777756856],[-0.240538946401733,51.7131253232411],[-0.241047647530603,51.7104208385427],[-0.23929173790497,51.7079288016418],[-0.23897170067197,51.7061417859005],[-0.237330534177732,51.705919281047],[-0.235197027178643,51.7100946781449],[-0.234270809027061,51.7107605565038],[-0.232233218384683,51.711380130863],[-0.229743538251088,51.7116771373146],[-0.22703592315146,51.7126973504714],[-0.223369547748762,51.7128398075936],[-0.219914438243376,51.7137235893278],[-0.218393470644306,51.7137131115487],[-0.214624161847794,51.7112045571365],[-0.212600423401012,51.7105856699685],[-0.210792023942532,51.7102667798643],[-0.207751279683249,51.710404800654],[-0.206960404588464,51.7102712792732],[-0.206486088343415,51.7096381721558],[-0.204736758328743,51.7099126937193],[-0.199823381369021,51.7096747724353],[-0.199431127242213,51.7098575428698],[-0.195803903892046,51.7092002781037],[-0.194613792642535,51.7082981168727],[-0.190457573828001,51.7070822016646],[-0.189856827940806,51.7078093816256],[-0.187633163876664,51.7069883035786],[-0.183327090787712,51.7065215371161],[-0.181421331343537,51.7060055963989],[-0.179320716818419,51.7046484923743],[-0.175976741543142,51.7032611627032],[-0.173599877289524,51.7026263041925],[-0.173345694916426,51.7030063001368],[-0.172452727425061,51.7025777978543],[-0.172114643519276,51.7027416306892],[-0.169722218090962,51.7014885906138],[-0.164497186658932,51.7003971911168],[-0.163118088645696,51.6998576292954],[-0.163493271974568,51.6881150796651],[-0.163607105701444,51.6824031365942],[-0.17157527902311,51.6740206834199],[-0.172473163038003,51.6730913570255],[-0.174958661652237,51.6732154176228],[-0.175329656841394,51.673449614664],[-0.175657873385423,51.6731633540932],[-0.17544074776966,51.6725925415002],[-0.177006406653406,51.6726797877236],[-0.176711532649631,51.6720996808767],[-0.182085377482676,51.6686040585302],[-0.185804286829366,51.6685095580877],[-0.187790359008672,51.6678792949985],[-0.191066699360921,51.6638967053238],[-0.192530834671873,51.6647492841243],[-0.196664873412981,51.6654818711398],[-0.194852198944838,51.6683055014376],[-0.1961592905036,51.6685297470848],[-0.196614117048089,51.668146485054],[-0.199005120863848,51.6682065551987],[-0.199871677333062,51.6701702737025],[-0.203352928676407,51.6701264989751],[-0.202608428278622,51.6693147430748],[-0.202229936070325,51.6678054034182],[-0.205634457200867,51.6686012041245],[-0.207959490147344,51.6665944951527],[-0.209838804027539,51.6675628658617],[-0.211133866333014,51.6669549343179],[-0.207863695984533,51.6628611807608],[-0.212135030723747,51.6613535283696],[-0.213393268921577,51.6623780111558],[-0.218894639893316,51.6600615826246],[-0.219247443194306,51.6607997825538],[-0.219800914371436,51.6606607431215],[-0.226044059825656,51.6576258884097],[-0.226462691430813,51.6571618666928],[-0.2280579578421,51.6585915099389],[-0.228488873656063,51.6599657203754],[-0.228919311402986,51.659975810306],[-0.234227502797294,51.6582527699324],[-0.234707346012114,51.659001014554],[-0.236677988392643,51.6587752522398],[-0.238275671849752,51.6582498017596],[-0.237971197199423,51.6577893556457],[-0.239199189671191,51.657399478331],[-0.240993549202101,51.656835589146],[-0.241365239399911,51.6572045298421],[-0.243624611973949,51.6566889241278],[-0.247865582018048,51.6552479019306],[-0.249710793816818,51.6561711041717],[-0.250582589477333,51.6560573522745],[-0.251332038534627,51.6552178205259],[-0.249856145675694,51.6546148880355],[-0.251876032125996,51.6472136011411],[-0.254489449259822,51.643679809185],[-0.255487528073978,51.6432450673061],[-0.256171858914578,51.643491678556],[-0.257332658018192,51.6418318488053],[-0.2604490343255,51.6425390473674],[-0.261604602792804,51.6439923285729],[-0.263272164999239,51.6448334996265],[-0.264358899528236,51.6436274858195],[-0.265211082204105,51.6440205479919],[-0.266767227976553,51.6441109757846],[-0.268345972231187,51.643833937248],[-0.268246627280267,51.6423864314828],[-0.270037138905131,51.6420873258208],[-0.272866445154397,51.6420993529716],[-0.274176434703741,51.6393075587936],[-0.273713530385737,51.6386739655432],[-0.276475033650898,51.6388683962763],[-0.278612807381389,51.6383233536339],[-0.281390928969936,51.6383461146964],[-0.28387424646369,51.6377952526172],[-0.285500176721203,51.6369485325338],[-0.287786832650225,51.6365125632587],[-0.291867558485993,51.6364784662884],[-0.294382597543803,51.635650047203],[-0.296127205630224,51.6354469653632],[-0.297208834936375,51.6357351549998],[-0.299853666977002,51.6357618284151],[-0.302412446868216,51.6363545468829],[-0.302722643506959,51.6361360836903],[-0.303545710653716,51.6364618232648],[-0.304458831560802,51.6363508697013],[-0.305377121152003,51.6371078699195],[-0.312318486481636,51.638961384094],[-0.316672244970353,51.6405355675681],[-0.318063225802181,51.6399323312111],[-0.319792791191692,51.6382207082867],[-0.326546234454703,51.6367191630272],[-0.329982905777533,51.6353356704964],[-0.332583185685678,51.6337423289337],[-0.332971366752564,51.6338359448912],[-0.333089080327958,51.633384437609],[-0.338283831127965,51.6294726351838],[-0.339811375632729,51.6308116366422],[-0.345106261842187,51.6283307971152],[-0.349222330428968,51.6269094995071],[-0.359678561696669,51.6252622293865],[-0.361792560366205,51.6237297734751],[-0.362621257698241,51.623504817498],[-0.364594462124456,51.624917143183],[-0.371819041476277,51.6331980235789],[-0.377373414933952,51.6377333812195],[-0.379960949170485,51.6396170824275],[-0.376666359625632,51.6403332548045],[-0.375319926807664,51.6415699575858],[-0.375796020709991,51.6419587053985],[-0.371634075914503,51.6434342348192],[-0.376003708546804,51.6447177676797],[-0.380640652426222,51.648116170441],[-0.38089378066853,51.6479093020283],[-0.3833169339677,51.6485019674271],[-0.383298182125808,51.6524386093734],[-0.386831198305677,51.6572396681016],[-0.385277209388801,51.6604051456678],[-0.386469618992264,51.6618810022681],[-0.386807955643142,51.663227259712],[-0.386548112471357,51.6637425682572],[-0.385547828108727,51.6641388307738],[-0.385659488513963,51.6649856579529],[-0.383621815384874,51.6658074032505],[-0.382994376218293,51.6681573451075],[-0.3842127201703,51.6689096376543],[-0.3835508039676,51.6697520956401],[-0.38252637211501,51.6704177678414],[-0.379671865002307,51.6699674977366],[-0.379042228681756,51.6701035366307],[-0.374709387783106,51.6735488213511],[-0.372037236092758,51.6762012816888],[-0.368766140427457,51.6783265660622],[-0.369419564419307,51.6788167533833],[-0.370405169363931,51.6789203268352],[-0.371034506108704,51.6806905322534],[-0.371010456165701,51.6815201897337],[-0.370535276897945,51.6817042642134],[-0.37062347743795,51.6821874092743],[-0.369424280451134,51.6835591809597],[-0.369490491920954,51.6842920157023],[-0.372341341299976,51.6847038063759],[-0.378286861988571,51.688093327548],[-0.378723108741404,51.6898940787955],[-0.375358260285264,51.692511940941],[-0.374207501563452,51.6895430102668],[-0.371998946785494,51.6875908514074],[-0.369623880603226,51.6879868801888],[-0.366764511261048,51.6891323215665],[-0.364184810526648,51.6893436479314],[-0.36275871602098,51.6891359085445],[-0.359086863786546,51.6906609857511],[-0.358212581644021,51.6914741822165],[-0.355740067360145,51.6915574657666],[-0.355324915697035,51.690597609252],[-0.354932657984233,51.6914814429097],[-0.355594934716333,51.6919285867242],[-0.356028898802829,51.6929678074312],[-0.355886033588387,51.6944333234808],[-0.356594871170073,51.6950349169351],[-0.355867619208713,51.695302607163],[-0.356568472718055,51.6960425252154],[-0.355463668838023,51.6979792020366],[-0.354759240484646,51.6980142903608],[-0.354107748949262,51.6989403319207],[-0.353424142350051,51.6990782722142],[-0.35362370324734,51.6984848934273],[-0.352914644899129,51.6982860921013],[-0.352643952350175,51.6978102664497],[-0.350030639280541,51.6994847351687],[-0.347791358003213,51.6984345118057],[-0.346062924849005,51.6987698671142],[-0.344254859603225,51.6978811552894],[-0.343273748033642,51.6982000278056],[-0.343396705311345,51.6978420941909],[-0.342252521994441,51.6975958304607],[-0.336849433443515,51.6977190573747],[-0.335042304630545,51.6981494171814],[-0.334082004411286,51.6988039063239],[-0.333360021694867,51.7015137054664],[-0.33210125736628,51.7021360746697],[-0.33006812305022,51.7023257373486],[-0.329560870759493,51.7021477303545],[-0.326857422348942,51.7034832231533],[-0.325954103691606,51.7023103611169],[-0.32464153932706,51.6972911232242],[-0.322332181329158,51.6934796393849],[-0.318308534166492,51.6950695459824],[-0.318077733975239,51.6955580668311],[-0.316175219807428,51.6966809476017],[-0.313296094821598,51.6961953617828],[-0.311323236575919,51.6972964816107],[-0.309229981915448,51.6978976257212],[-0.306326803665815,51.6977083651649],[-0.300019499947257,51.6965246103489],[-0.301029322732637,51.6985841367972],[-0.29926729340706,51.6993795642707],[-0.301975988436678,51.7080667033899],[-0.295221814942582,51.7091548532735],[-0.293968952805572,51.7097922688518],[-0.295759414186251,51.711185038684],[-0.286490852757557,51.7131382202993],[-0.283845630216301,51.7142622232017],[-0.283497604591619,51.7148146736817],[-0.279774057039908,51.7173085383072],[-0.278830688256852,51.7192414602688],[-0.276953744643253,51.721284824858],[-0.280863108785955,51.7208538371759],[-0.28231025237448,51.7214846841096],[-0.285917021489291,51.7207847969761],[-0.286408826490258,51.7211048877995],[-0.284119226501653,51.7228842671883],[-0.283670982261422,51.7242867113102],[-0.289466352214534,51.7279904865676],[-0.289021339827689,51.7288877024394],[-0.285254889812679,51.7316490516058],[-0.284303148717834,51.7329982876741],[-0.279886785018655,51.7345891017535],[-0.276284362640067,51.7352529432105],[-0.274310731578748,51.7351700322746],[-0.272978652094297,51.7354292220828],[-0.270620096370703,51.7369276806637],[-0.267504687458693,51.737878977995],[-0.266110011868461,51.7381452538131],[-0.264789594476538,51.73801878117],[-0.262116552363421,51.7367194784095],[-0.260055878819237,51.7339238948532],[-0.255135646164785,51.7295373738385]]]},"properties":{"LAD19NM":"Hertsmere"}},{"type":"Feature","geometry":{"type":"Polygon","coordinates":[[[-0.172785294956129,51.8565877880352],[-0.170908950549735,51.8554795157645],[-0.171606350831194,51.8544670821278],[-0.169622732703059,51.8540729562189],[-0.166437727329612,51.8494022593717],[-0.166714821262408,51.8477295792335],[-0.167306975681058,51.8471974592559],[-0.167164522478587,51.844556085191],[-0.166760340549324,51.844177436926],[-0.167431222312763,51.8436745012986],[-0.168906798319997,51.843443895374],[-0.168882967697496,51.8399887469232],[-0.16999957945847,51.8391203903791],[-0.171995656112022,51.8401603400918],[-0.172541749618815,51.8397597142818],[-0.173403646315771,51.8399844522867],[-0.176801581816433,51.8418985680346],[-0.17751551731963,51.84136918475],[-0.178527540603468,51.8411852097161],[-0.175536491183772,51.8387182172542],[-0.173504684713599,51.8393538761136],[-0.171460062643988,51.8386171337379],[-0.170028212574651,51.8386649752367],[-0.169869357573952,51.8381076671255],[-0.174214349927692,51.8368435067879],[-0.169810312749028,51.8342644274861],[-0.170106402194985,51.8341224158862],[-0.168353962675198,51.8320962055693],[-0.168475731892204,51.8304157026648],[-0.169468402636291,51.8285931540062],[-0.171299656852296,51.8270219592783],[-0.172730988708502,51.8242152838147],[-0.179689946036991,51.8199161875196],[-0.18126045689283,51.8171286386089],[-0.18229184262302,51.8174575181421],[-0.183598135116009,51.815065965133],[-0.174012252326056,51.8100761100526],[-0.168459811789607,51.8091921064576],[-0.165943804817959,51.8090980405867],[-0.164502340111383,51.8084424924638],[-0.161617287335679,51.8077571663946],[-0.160015864917043,51.8070054789555],[-0.16139848859808,51.8050767321078],[-0.156607478253057,51.804431566762],[-0.156599459875123,51.8040241210166],[-0.153959104915475,51.8031113153128],[-0.152722801315842,51.8021647895253],[-0.149996601802737,51.8018287554058],[-0.150227387712531,51.7991303049114],[-0.147972135259737,51.7990201727464],[-0.156005532156903,51.7990241521534],[-0.15740625338894,51.7982854336189],[-0.157668537186064,51.796295052651],[-0.159753149476305,51.7965642291349],[-0.160943599995386,51.7963563309581],[-0.163975989833278,51.79485621464],[-0.165277388536605,51.7934458701342],[-0.166704314006869,51.7925536450365],[-0.164522858557391,51.7922408267872],[-0.164800187533038,51.7907326190654],[-0.163968309952678,51.7895821356095],[-0.16414314773847,51.7892045065647],[-0.164559124104689,51.789315288163],[-0.162657932891181,51.7875374041241],[-0.159128921462899,51.7861081505],[-0.152443177026246,51.7803694032559],[-0.143268605946603,51.774247431766],[-0.141441458468616,51.7737355980188],[-0.141940267703213,51.7733793057981],[-0.14244406321919,51.7738171727901],[-0.143414674410918,51.7734791213628],[-0.142615329101864,51.769087117561],[-0.143452364339708,51.7671984340979],[-0.142716037890544,51.7629701389259],[-0.142894092809724,51.7583543539434],[-0.143693775762418,51.7581467396904],[-0.143779829840637,51.7574970456146],[-0.142678213753978,51.7547188957788],[-0.138159248763905,51.7515125414921],[-0.138632895683719,51.7506360624522],[-0.138591194605505,51.7476355259952],[-0.139653476526092,51.7443151741696],[-0.138999961532803,51.7423138923216],[-0.139086998443628,51.7399861394107],[-0.138387761952981,51.7390254423371],[-0.138407683202453,51.7372758517354],[-0.135007602530501,51.7389097816812],[-0.128265752613162,51.7392116635707],[-0.128383012597811,51.7414203141854],[-0.125949187811927,51.7412898047039],[-0.123667057028858,51.7417264228615],[-0.12074589511015,51.7416778287987],[-0.116638727368345,51.7421471249918],[-0.112562403094232,51.7415601734495],[-0.108636143384326,51.7417882866402],[-0.105188128072052,51.7415583016252],[-0.102380679593575,51.742807900302],[-0.101193709181173,51.7451330503021],[-0.0961046607435974,51.7444112974361],[-0.0921413208351193,51.7432085753237],[-0.0957680116135566,51.7406739775205],[-0.0969883840117793,51.7376946722341],[-0.0986537301730089,51.73594646627],[-0.101459137497849,51.7329757781822],[-0.101838000651031,51.7318173341369],[-0.102378227500853,51.7317451548803],[-0.101851160373795,51.7301224780105],[-0.103137536709546,51.7292457902034],[-0.105264391664231,51.7289114457106],[-0.105486729949632,51.7276812431732],[-0.107509782545914,51.7253577650284],[-0.107938125040434,51.7253296073831],[-0.110238962366154,51.7231761100816],[-0.114083215832648,51.7208072582848],[-0.113378683978617,51.718707067311],[-0.111875946237323,51.7170732810593],[-0.108020855165389,51.7141192113461],[-0.10552929452594,51.7135701180382],[-0.107332281589015,51.7127889561581],[-0.107567719768701,51.7111705516874],[-0.107171717995343,51.7079979765181],[-0.107490963932252,51.7055140397328],[-0.106400786790799,51.6967468983641],[-0.105667554565743,51.6943440555626],[-0.106060715913193,51.6926184298772],[-0.105779139838692,51.6918756451179],[-0.109749139823805,51.6916752637869],[-0.109620717238267,51.6914933097283],[-0.112896836117264,51.6908221768215],[-0.118247427637099,51.6889378892352],[-0.122183043106036,51.6885458626964],[-0.130249540686534,51.6889156639838],[-0.135379061532051,51.6887256913053],[-0.139586085758339,51.6879210784769],[-0.144658086545479,51.6863351183681],[-0.149370129747762,51.6855183598555],[-0.153258014319349,51.6858574676946],[-0.157991998068154,51.687241112811],[-0.163493271974568,51.6881150796651],[-0.163118088645696,51.6998576292954],[-0.164497186658932,51.7003971911168],[-0.169722218090962,51.7014885906138],[-0.172114643519276,51.7027416306892],[-0.172452727425061,51.7025777978543],[-0.173345694916426,51.7030063001368],[-0.173599877289524,51.7026263041925],[-0.175976741543142,51.7032611627032],[-0.179320716818419,51.7046484923743],[-0.181421331343537,51.7060055963989],[-0.183327090787712,51.7065215371161],[-0.187633163876664,51.7069883035786],[-0.189856827940806,51.7078093816256],[-0.190457573828001,51.7070822016646],[-0.194613792642535,51.7082981168727],[-0.195803903892046,51.7092002781037],[-0.199431127242213,51.7098575428698],[-0.199823381369021,51.7096747724353],[-0.204736758328743,51.7099126937193],[-0.206486088343415,51.7096381721558],[-0.206960404588464,51.7102712792732],[-0.207751279683249,51.710404800654],[-0.210792023942532,51.7102667798643],[-0.212600423401012,51.7105856699685],[-0.214624161847794,51.7112045571365],[-0.218393470644306,51.7137131115487],[-0.219914438243376,51.7137235893278],[-0.223369547748762,51.7128398075936],[-0.22703592315146,51.7126973504714],[-0.229743538251088,51.7116771373146],[-0.232233218384683,51.711380130863],[-0.234270809027061,51.7107605565038],[-0.235197027178643,51.7100946781449],[-0.237330534177732,51.705919281047],[-0.23897170067197,51.7061417859005],[-0.23929173790497,51.7079288016418],[-0.241047647530603,51.7104208385427],[-0.240538946401733,51.7131253232411],[-0.241062923310416,51.7157777756856],[-0.250783907992779,51.7246249717128],[-0.252252496979907,51.7267546523414],[-0.255135646164785,51.7295373738385],[-0.249753886960136,51.7311739095357],[-0.249420520442107,51.7308802828766],[-0.249007897730559,51.7310287482679],[-0.250349778442908,51.7325801322245],[-0.248300133591875,51.7324452849445],[-0.246851586492528,51.7314812805148],[-0.244427609445123,51.7318919254893],[-0.245968297581535,51.7343284853175],[-0.24645713404659,51.738161030103],[-0.24550997881211,51.7396557849392],[-0.244893610310154,51.7397526531075],[-0.244845737081282,51.7411394798548],[-0.241581155478973,51.7424017087589],[-0.242570967505384,51.7444379678681],[-0.242381078068864,51.7449998665126],[-0.245594572635972,51.7517768576934],[-0.249507205760332,51.749244530428],[-0.253059043293705,51.7477165431472],[-0.255873408395358,51.7492636932999],[-0.255075147020991,51.7499756970096],[-0.256514173747278,51.7515033008906],[-0.257294757358823,51.7518475943677],[-0.255742904665434,51.7534305997107],[-0.25808197626335,51.7546909710452],[-0.25711418294708,51.754952697333],[-0.259266128731526,51.7561832986159],[-0.260396045021125,51.757469751385],[-0.259739319297583,51.7575912793471],[-0.26125223988399,51.7585255103146],[-0.258640098762163,51.7602457664391],[-0.262536883409684,51.763329289018],[-0.26235596579718,51.7636251629352],[-0.268834055058028,51.7697932295514],[-0.271902060716546,51.7690775808217],[-0.273326117225982,51.7706541459403],[-0.275838012498282,51.772249352513],[-0.275539398257777,51.7729355500975],[-0.276904881549932,51.7749105336537],[-0.277427772239601,51.7780798420718],[-0.274041045458118,51.7828023008888],[-0.273918091163772,51.7865556338626],[-0.27260287757115,51.7880011705851],[-0.271211889806753,51.7910101268538],[-0.271578379648353,51.7919686830096],[-0.27439076250844,51.7941915037899],[-0.277542611055781,51.7977860047541],[-0.276729227245678,51.7980852143116],[-0.275171759789493,51.7997556522635],[-0.269774173619735,51.8006537767515],[-0.263746270604226,51.802436182641],[-0.256551811163853,51.8032379332741],[-0.252962034283227,51.8051152511739],[-0.250993592326152,51.8054537491637],[-0.248956870716891,51.806470092317],[-0.245868065308414,51.80708595313],[-0.243867843243951,51.8091736856637],[-0.243262914392342,51.812383916015],[-0.243999444773347,51.8133633671348],[-0.247023868218043,51.8152041689325],[-0.248311405003561,51.8168338421048],[-0.248644192403559,51.8182407217727],[-0.25006159082939,51.8191439707705],[-0.2501890894823,51.8197096929481],[-0.251648913960919,51.8203409921253],[-0.252258786869608,51.8217169217181],[-0.255163813364113,51.8226547964927],[-0.26149608048766,51.8283848258931],[-0.263669065494776,51.8324093294643],[-0.26505666161058,51.8338425085462],[-0.266586472405899,51.8345196778866],[-0.273535467705262,51.8353646316425],[-0.27279520878005,51.8365056506142],[-0.273020212622374,51.8396902784953],[-0.272651169824659,51.8404582075349],[-0.271328408846707,51.8404675276588],[-0.26812911617333,51.8422079550783],[-0.266393564063785,51.8417759616742],[-0.259558883176215,51.8447591498539],[-0.25931936322843,51.8446071906754],[-0.257025115442708,51.8454481092552],[-0.253944941815669,51.8445373590501],[-0.247790666490696,51.8462297704693],[-0.245274772637674,51.8445827147796],[-0.245027611317578,51.8435108345337],[-0.243011262334215,51.8427262426794],[-0.243042680432114,51.8418050466001],[-0.244952999288806,51.8394166499813],[-0.244903567849257,51.8388224417949],[-0.241713769748425,51.8363433530149],[-0.24242674532823,51.835886396416],[-0.241623749541185,51.8352989835266],[-0.240435238443639,51.8349592917483],[-0.239008615056388,51.8349936582635],[-0.237079349816517,51.8364510184761],[-0.235988906613134,51.8362386912777],[-0.233296479052906,51.8363852266047],[-0.23210508052972,51.8365633666524],[-0.231645778614827,51.8369511759047],[-0.230726778337975,51.836771042999],[-0.230051193162507,51.8360477524017],[-0.229128839815763,51.8360636132353],[-0.227963718034048,51.8367186295728],[-0.227930019298709,51.8370589044711],[-0.226862922476731,51.8371030389353],[-0.225680383096837,51.8376454052131],[-0.225562630926137,51.8372065683611],[-0.226924818639841,51.835895454051],[-0.226954002025975,51.8353015228101],[-0.226105593813965,51.8349128784625],[-0.226371432280003,51.8344637405903],[-0.224910367919265,51.8332340598732],[-0.221657244507432,51.8340966615915],[-0.223402215237114,51.8353054166875],[-0.219846830027457,51.8366876596011],[-0.220191694406812,51.8376208483822],[-0.218681396662311,51.8384144675836],[-0.219581849303261,51.8388066511984],[-0.22078534867064,51.8387646466802],[-0.221783873649703,51.8392472908142],[-0.222577045842757,51.8390092958145],[-0.224194633729222,51.8402152980249],[-0.223422629331028,51.8413141687784],[-0.225996236790518,51.8437187505454],[-0.225757677608164,51.8445442340755],[-0.223757119340371,51.8467601870224],[-0.223024840937976,51.8462203701947],[-0.222345856901816,51.8446985513639],[-0.218259707698023,51.8466338623153],[-0.218880560903975,51.8470505761584],[-0.217170490793662,51.8477071538228],[-0.216500059190853,51.8489477803655],[-0.212925855615528,51.8513960491995],[-0.210414028487305,51.8498544249036],[-0.211300547826146,51.8493581074394],[-0.2087155679601,51.8475797204484],[-0.205963250670167,51.8463994837002],[-0.208233291421506,51.844696761527],[-0.212180688537227,51.8424953135389],[-0.212705308546313,51.8415672173388],[-0.215243394716523,51.8400465264104],[-0.21457142009006,51.8396029592808],[-0.211986867883555,51.84057439879],[-0.210601427686358,51.8404426868869],[-0.208128318335017,51.8419651712923],[-0.20541345275195,51.8443795425611],[-0.203948236410934,51.8448994400622],[-0.201462049186624,51.843536081605],[-0.199743884455563,51.8437345532404],[-0.198911584833952,51.844146303642],[-0.198730286385607,51.8443610745618],[-0.199429456403252,51.8445921022701],[-0.19854371085048,51.8454696751324],[-0.198700459722656,51.8459450980866],[-0.197554488355438,51.8461379116685],[-0.197175926873524,51.8489259487201],[-0.196414908058179,51.8495491296148],[-0.197634990152142,51.8502305141202],[-0.199063230340525,51.8497317886788],[-0.202003372154105,51.851520220242],[-0.203644261043272,51.8532303310953],[-0.203116556182897,51.8539749643617],[-0.203522262371463,51.8547607160011],[-0.205173142162349,51.8533049743338],[-0.206690252020016,51.8542632561934],[-0.204945181292253,51.8552761134367],[-0.204219798567109,51.8550402291536],[-0.200886404315467,51.8566267742154],[-0.200097551745311,51.8564511135782],[-0.198742247384441,51.857771976313],[-0.197599605289817,51.8576942664194],[-0.196832241738783,51.8593801751314],[-0.191813060187977,51.8573205153294],[-0.190498640480052,51.8582274111958],[-0.189664856021941,51.8577991956535],[-0.186403223082502,51.859423305337],[-0.185784026450809,51.8589326543084],[-0.185895232517534,51.8602463759306],[-0.183546171624465,51.860443867016],[-0.183552200663127,51.8601157548871],[-0.180960462169019,51.8601333204394],[-0.179402848878181,51.8596847358725],[-0.178582036911208,51.8590434822308],[-0.176075110327221,51.8585137118783],[-0.17599372455345,51.8567535609519],[-0.172785294956129,51.8565877880352]]]},"properties":{"LAD19NM":"Welwyn Hatfield"}}]}