{
  "project": "fivetran/dbt_stripe",
  "structural_pattern": "CHILD-AGGREGATE-JOIN",
  "phase": 3,
  "feature_added": "alias_in_hunk",
  "n_cases": 6,
  "n_rounds": 4,
  "total_episodes": 24,
  "mrr_static": 0.8055555555555555,
  "mrr_freq": 0.7291666666666666,
  "mrr_2b": 0.8194444444444443,
  "mrr_3": 0.9513888888888888,
  "d_2b_vs_static": 0.01388888888888884,
  "d_3_vs_static": 0.14583333333333337,
  "d_3_vs_freq": 0.2222222222222222,
  "d_3_vs_2b_full": 0.13194444444444453,
  "mrr_sub_dk_2b": 0.5416666666666666,
  "mrr_sub_dk_3": 0.9375,
  "d_sub_dk": 0.39583333333333337,
  "overall_verdict": "GREEN",
  "alias_verdict": "GREEN",
  "dk_fires": false,
  "attribution": "ONLY_ALIAS",
  "feature_weights_2b": {
    "exact_match": 0.00036508194234125436,
    "superset_match": 0.00036508194234125436,
    "any_overlap": 0.00036508194234125436,
    "is_join": 0.5207040480974988,
    "is_agg": -0.5203389661551576,
    "feeds_norm": 0.46841721161939087,
    "n_div_norm": 0.08030009342046704,
    "row_count_changed": 0.0,
    "single_col": 0.0,
    "hist_freq": 1.432688229147203,
    "diff_kind_match": 2.2990280508453598
  },
  "feature_weights_3": {
    "exact_match": -0.00023196029268890186,
    "superset_match": -0.00023196029268890186,
    "any_overlap": -0.00023196029268890186,
    "is_join": 0.33708178483055234,
    "is_agg": -0.33731374512324114,
    "feeds_norm": 0.29508813835248,
    "n_div_norm": 0.050586538003282264,
    "row_count_changed": 0.0,
    "single_col": 0.0,
    "hist_freq": 0.8002687598929533,
    "diff_kind_match": 1.3132233453855735,
    "alias_in_hunk": 2.7881522084838024
  },
  "episodes": [
    {
      "ep": 1,
      "rnd": 1,
      "case_id": "s_inv03",
      "diff_kind": "join",
      "amb": true,
      "sub_dk": false,
      "n_cands": 3,
      "r_s": 3,
      "r_f": 3,
      "r_2b": 3,
      "r_3": 3,
      "rr_s": 0.333,
      "rr_f": 0.333,
      "rr_2b": 0.333,
      "rr_3": 0.333
    },
    {
      "ep": 2,
      "rnd": 1,
      "case_id": "s_inv06",
      "diff_kind": "join",
      "amb": false,
      "sub_dk": false,
      "n_cands": 1,
      "r_s": 1,
      "r_f": 1,
      "r_2b": 1,
      "r_3": 1,
      "rr_s": 1.0,
      "rr_f": 1.0,
      "rr_2b": 1.0,
      "rr_3": 1.0
    },
    {
      "ep": 3,
      "rnd": 1,
      "case_id": "s_inv04",
      "diff_kind": "join",
      "amb": false,
      "sub_dk": false,
      "n_cands": 1,
      "r_s": 1,
      "r_f": 1,
      "r_2b": 1,
      "r_3": 1,
      "rr_s": 1.0,
      "rr_f": 1.0,
      "rr_2b": 1.0,
      "rr_3": 1.0
    },
    {
      "ep": 4,
      "rnd": 1,
      "case_id": "s_inv01",
      "diff_kind": "agg",
      "amb": true,
      "sub_dk": true,
      "n_cands": 3,
      "r_s": 1,
      "r_f": 2,
      "r_2b": 2,
      "r_3": 2,
      "rr_s": 1.0,
      "rr_f": 0.5,
      "rr_2b": 0.5,
      "rr_3": 0.5
    },
    {
      "ep": 5,
      "rnd": 1,
      "case_id": "s_inv02",
      "diff_kind": "agg",
      "amb": true,
      "sub_dk": true,
      "n_cands": 3,
      "r_s": 2,
      "r_f": 3,
      "r_2b": 3,
      "r_3": 1,
      "rr_s": 0.5,
      "rr_f": 0.333,
      "rr_2b": 0.333,
      "rr_3": 1.0
    },
    {
      "ep": 6,
      "rnd": 1,
      "case_id": "s_inv05",
      "diff_kind": "join",
      "amb": false,
      "sub_dk": false,
      "n_cands": 1,
      "r_s": 1,
      "r_f": 1,
      "r_2b": 1,
      "r_3": 1,
      "rr_s": 1.0,
      "rr_f": 1.0,
      "rr_2b": 1.0,
      "rr_3": 1.0
    },
    {
      "ep": 7,
      "rnd": 2,
      "case_id": "s_inv01",
      "diff_kind": "agg",
      "amb": true,
      "sub_dk": true,
      "n_cands": 3,
      "r_s": 1,
      "r_f": 1,
      "r_2b": 1,
      "r_3": 1,
      "rr_s": 1.0,
      "rr_f": 1.0,
      "rr_2b": 1.0,
      "rr_3": 1.0
    },
    {
      "ep": 8,
      "rnd": 2,
      "case_id": "s_inv05",
      "diff_kind": "join",
      "amb": false,
      "sub_dk": false,
      "n_cands": 1,
      "r_s": 1,
      "r_f": 1,
      "r_2b": 1,
      "r_3": 1,
      "rr_s": 1.0,
      "rr_f": 1.0,
      "rr_2b": 1.0,
      "rr_3": 1.0
    },
    {
      "ep": 9,
      "rnd": 2,
      "case_id": "s_inv02",
      "diff_kind": "agg",
      "amb": true,
      "sub_dk": true,
      "n_cands": 3,
      "r_s": 2,
      "r_f": 2,
      "r_2b": 2,
      "r_3": 1,
      "rr_s": 0.5,
      "rr_f": 0.5,
      "rr_2b": 0.5,
      "rr_3": 1.0
    },
    {
      "ep": 10,
      "rnd": 2,
      "case_id": "s_inv03",
      "diff_kind": "join",
      "amb": true,
      "sub_dk": false,
      "n_cands": 3,
      "r_s": 3,
      "r_f": 3,
      "r_2b": 1,
      "r_3": 1,
      "rr_s": 0.333,
      "rr_f": 0.333,
      "rr_2b": 1.0,
      "rr_3": 1.0
    },
    {
      "ep": 11,
      "rnd": 2,
      "case_id": "s_inv06",
      "diff_kind": "join",
      "amb": false,
      "sub_dk": false,
      "n_cands": 1,
      "r_s": 1,
      "r_f": 1,
      "r_2b": 1,
      "r_3": 1,
      "rr_s": 1.0,
      "rr_f": 1.0,
      "rr_2b": 1.0,
      "rr_3": 1.0
    },
    {
      "ep": 12,
      "rnd": 2,
      "case_id": "s_inv04",
      "diff_kind": "join",
      "amb": false,
      "sub_dk": false,
      "n_cands": 1,
      "r_s": 1,
      "r_f": 1,
      "r_2b": 1,
      "r_3": 1,
      "rr_s": 1.0,
      "rr_f": 1.0,
      "rr_2b": 1.0,
      "rr_3": 1.0
    },
    {
      "ep": 13,
      "rnd": 3,
      "case_id": "s_inv02",
      "diff_kind": "agg",
      "amb": true,
      "sub_dk": true,
      "n_cands": 3,
      "r_s": 2,
      "r_f": 2,
      "r_2b": 2,
      "r_3": 1,
      "rr_s": 0.5,
      "rr_f": 0.5,
      "rr_2b": 0.5,
      "rr_3": 1.0
    },
    {
      "ep": 14,
      "rnd": 3,
      "case_id": "s_inv05",
      "diff_kind": "join",
      "amb": false,
      "sub_dk": false,
      "n_cands": 1,
      "r_s": 1,
      "r_f": 1,
      "r_2b": 1,
      "r_3": 1,
      "rr_s": 1.0,
      "rr_f": 1.0,
      "rr_2b": 1.0,
      "rr_3": 1.0
    },
    {
      "ep": 15,
      "rnd": 3,
      "case_id": "s_inv03",
      "diff_kind": "join",
      "amb": true,
      "sub_dk": false,
      "n_cands": 3,
      "r_s": 3,
      "r_f": 3,
      "r_2b": 1,
      "r_3": 1,
      "rr_s": 0.333,
      "rr_f": 0.333,
      "rr_2b": 1.0,
      "rr_3": 1.0
    },
    {
      "ep": 16,
      "rnd": 3,
      "case_id": "s_inv06",
      "diff_kind": "join",
      "amb": false,
      "sub_dk": false,
      "n_cands": 1,
      "r_s": 1,
      "r_f": 1,
      "r_2b": 1,
      "r_3": 1,
      "rr_s": 1.0,
      "rr_f": 1.0,
      "rr_2b": 1.0,
      "rr_3": 1.0
    },
    {
      "ep": 17,
      "rnd": 3,
      "case_id": "s_inv01",
      "diff_kind": "agg",
      "amb": true,
      "sub_dk": true,
      "n_cands": 3,
      "r_s": 1,
      "r_f": 3,
      "r_2b": 2,
      "r_3": 1,
      "rr_s": 1.0,
      "rr_f": 0.333,
      "rr_2b": 0.5,
      "rr_3": 1.0
    },
    {
      "ep": 18,
      "rnd": 3,
      "case_id": "s_inv04",
      "diff_kind": "join",
      "amb": false,
      "sub_dk": false,
      "n_cands": 1,
      "r_s": 1,
      "r_f": 1,
      "r_2b": 1,
      "r_3": 1,
      "rr_s": 1.0,
      "rr_f": 1.0,
      "rr_2b": 1.0,
      "rr_3": 1.0
    },
    {
      "ep": 19,
      "rnd": 4,
      "case_id": "s_inv02",
      "diff_kind": "agg",
      "amb": true,
      "sub_dk": true,
      "n_cands": 3,
      "r_s": 2,
      "r_f": 2,
      "r_2b": 2,
      "r_3": 1,
      "rr_s": 0.5,
      "rr_f": 0.5,
      "rr_2b": 0.5,
      "rr_3": 1.0
    },
    {
      "ep": 20,
      "rnd": 4,
      "case_id": "s_inv01",
      "diff_kind": "agg",
      "amb": true,
      "sub_dk": true,
      "n_cands": 3,
      "r_s": 1,
      "r_f": 2,
      "r_2b": 2,
      "r_3": 1,
      "rr_s": 1.0,
      "rr_f": 0.5,
      "rr_2b": 0.5,
      "rr_3": 1.0
    },
    {
      "ep": 21,
      "rnd": 4,
      "case_id": "s_inv06",
      "diff_kind": "join",
      "amb": false,
      "sub_dk": false,
      "n_cands": 1,
      "r_s": 1,
      "r_f": 1,
      "r_2b": 1,
      "r_3": 1,
      "rr_s": 1.0,
      "rr_f": 1.0,
      "rr_2b": 1.0,