{
  "project": "dbt-labs/mrr-playbook",
  "ambiguity_structure": "CASCADE (agg feeds join condition bounds)",
  "n_cases": 9,
  "n_rounds": 4,
  "total_episodes": 36,
  "mrr_static": 0.8148148148148149,
  "mrr_freq": 0.7638888888888888,
  "mrr_2a": 0.736111111111111,
  "mrr_2b": 0.8657407407407407,
  "delta_vs_static": 0.05092592592592582,
  "delta_vs_freq": 0.10185185185185186,
  "delta_vs_2a": 0.12962962962962965,
  "verdict": "GREEN",
  "interpretation": "Diff-context representation transfers to cascade-ambiguity target",
  "feature_weights_2a": {
    "exact_match": 1.8679667432599314,
    "superset_match": 0.6643334228913874,
    "any_overlap": 4.684681992411007e-05,
    "is_join": -0.24505786693151513,
    "is_agg": -0.3646231068376988,
    "feeds_norm": -0.2330298645061757,
    "n_div_norm": -0.5380638449172384,
    "row_count_changed": 0.0,
    "single_col": 0.36598854619773014,
    "hist_freq": 2.9351371198978273
  },
  "feature_weights_2b": {
    "exact_match": 1.7722495884412721,
    "superset_match": 0.6634776228840356,
    "any_overlap": -0.004206093006885043,
    "is_join": -0.6232859174121449,
    "is_agg": -1.093583958429935,
    "feeds_norm": -0.36528285758720824,
    "n_div_norm": -0.8395866932152038,
    "row_count_changed": 0.0,
    "single_col": 0.44170346046058884,
    "hist_freq": 2.86368449556699,
    "diff_kind_match": 1.8348782897438178
  },
  "episodes": [
    {
      "ep": 1,
      "rnd": 1,
      "case_id": "m_mrr02",
      "diff_kind": "arithmetic",
      "amb": false,
      "n_cands": 2,
      "r_s": 1,
      "r_f": 1,
      "r_2a": 1,
      "r_2b": 1,
      "rr_s": 1.0,
      "rr_f": 1.0,
      "rr_2a": 1.0,
      "rr_2b": 1.0
    },
    {
      "ep": 2,
      "rnd": 1,
      "case_id": "m_mrr03",
      "diff_kind": "unknown",
      "amb": false,
      "n_cands": 2,
      "r_s": 1,
      "r_f": 1,
      "r_2a": 1,
      "r_2b": 1,
      "rr_s": 1.0,
      "rr_f": 1.0,
      "rr_2a": 1.0,
      "rr_2b": 1.0
    },
    {
      "ep": 3,
      "rnd": 1,
      "case_id": "m_crm02",
      "diff_kind": "agg",
      "amb": true,
      "n_cands": 5,
      "r_s": 2,
      "r_f": 2,
      "r_2a": 2,
      "r_2b": 2,
      "rr_s": 0.5,
      "rr_f": 0.5,
      "rr_2a": 0.5,
      "rr_2b": 0.5
    },
    {
      "ep": 4,
      "rnd": 1,
      "case_id": "m_crm03",
      "diff_kind": "join",
      "amb": true,
      "n_cands": 5,
      "r_s": 3,
      "r_f": 3,
      "r_2a": 3,
      "r_2b": 3,
      "rr_s": 0.333,
      "rr_f": 0.333,
      "rr_2a": 0.333,
      "rr_2b": 0.333
    },
    {
      "ep": 5,
      "rnd": 1,
      "case_id": "m_crm04",
      "diff_kind": "join",
      "amb": true,
      "n_cands": 5,
      "r_s": 1,
      "r_f": 1,
      "r_2a": 1,
      "r_2b": 1,
      "rr_s": 1.0,
      "rr_f": 1.0,
      "rr_2a": 1.0,
      "rr_2b": 1.0
    },
    {
      "ep": 6,
      "rnd": 1,
      "case_id": "m_ccm01",
      "diff_kind": "unknown",
      "amb": false,
      "n_cands": 1,
      "r_s": 1,
      "r_f": 1,
      "r_2a": 1,
      "r_2b": 1,
      "rr_s": 1.0,
      "rr_f": 1.0,
      "rr_2a": 1.0,
      "rr_2b": 1.0
    },
    {
      "ep": 7,
      "rnd": 1,
      "case_id": "m_mrr01",
      "diff_kind": "unknown",
      "amb": false,
      "n_cands": 3,
      "r_s": 1,
      "r_f": 1,
      "r_2a": 1,
      "r_2b": 1,
      "rr_s": 1.0,
      "rr_f": 1.0,
      "rr_2a": 1.0,
      "rr_2b": 1.0
    },
    {
      "ep": 8,
      "rnd": 1,
      "case_id": "m_crm01",
      "diff_kind": "agg",
      "amb": true,
      "n_cands": 5,
      "r_s": 1,
      "r_f": 3,
      "r_2a": 3,
      "r_2b": 3,
      "rr_s": 1.0,
      "rr_f": 0.333,
      "rr_2a": 0.333,
      "rr_2b": 0.333
    },
    {
      "ep": 9,
      "rnd": 1,
      "case_id": "m_crm05",
      "diff_kind": "unknown",
      "amb": true,
      "n_cands": 5,
      "r_s": 2,
      "r_f": 2,
      "r_2a": 2,
      "r_2b": 2,
      "rr_s": 0.5,
      "rr_f": 0.5,
      "rr_2a": 0.5,
      "rr_2b": 0.5
    },
    {
      "ep": 10,
      "rnd": 2,
      "case_id": "m_crm01",
      "diff_kind": "agg",
      "amb": true,
      "n_cands": 5,
      "r_s": 1,
      "r_f": 1,
      "r_2a": 2,
      "r_2b": 1,
      "rr_s": 1.0,
      "rr_f": 1.0,
      "rr_2a": 0.5,
      "rr_2b": 1.0
    },
    {
      "ep": 11,
      "rnd": 2,
      "case_id": "m_crm02",
      "diff_kind": "agg",
      "amb": true,
      "n_cands": 5,
      "r_s": 2,
      "r_f": 2,
      "r_2a": 2,
      "r_2b": 2,
      "rr_s": 0.5,
      "rr_f": 0.5,
      "rr_2a": 0.5,
      "rr_2b": 0.5
    },
    {
      "ep": 12,
      "rnd": 2,
      "case_id": "m_mrr02",
      "diff_kind": "arithmetic",
      "amb": false,
      "n_cands": 2,
      "r_s": 1,
      "r_f": 1,
      "r_2a": 1,
      "r_2b": 1,
      "rr_s": 1.0,
      "rr_f": 1.0,
      "rr_2a": 1.0,
      "rr_2b": 1.0
    },
    {
      "ep": 13,
      "rnd": 2,
      "case_id": "m_crm03",
      "diff_kind": "join",
      "amb": true,
      "n_cands": 5,
      "r_s": 3,
      "r_f": 3,
      "r_2a": 3,
      "r_2b": 1,
      "rr_s": 0.333,
      "rr_f": 0.333,
      "rr_2a": 0.333,
      "rr_2b": 1.0
    },
    {
      "ep": 14,
      "rnd": 2,
      "case_id": "m_ccm01",
      "diff_kind": "unknown",
      "amb": false,
      "n_cands": 1,
      "r_s": 1,
      "r_f": 1,
      "r_2a": 1,
      "r_2b": 1,
      "rr_s": 1.0,
      "rr_f": 1.0,
      "rr_2a": 1.0,
      "rr_2b": 1.0
    },
    {
      "ep": 15,
      "rnd": 2,
      "case_id": "m_mrr01",
      "diff_kind": "unknown",
      "amb": false,
      "n_cands": 3,
      "r_s": 1,
      "r_f": 1,
      "r_2a": 1,
      "r_2b": 1,
      "rr_s": 1.0,
      "rr_f": 1.0,
      "rr_2a": 1.0,
      "rr_2b": 1.0
    },
    {
      "ep": 16,
      "rnd": 2,
      "case_id": "m_crm05",
      "diff_kind": "unknown",
      "amb": true,
      "n_cands": 5,
      "r_s": 2,
      "r_f": 2,
      "r_2a": 1,
      "r_2b": 1,
      "rr_s": 0.5,
      "rr_f": 0.5,
      "rr_2a": 1.0,
      "rr_2b": 1.0
    },
    {
      "ep": 17,
      "rnd": 2,
      "case_id": "m_mrr03",
      "diff_kind": "unknown",
      "amb": false,
      "n_cands": 2,
      "r_s": 1,
      "r_f": 1,
      "r_2a": 1,
      "r_2b": 1,
      "rr_s": 1.0,
      "rr_f": 1.0,
      "rr_2a": 1.0,
      "rr_2b": 1.0
    },
    {
      "ep": 18,
      "rnd": 2,
      "case_id": "m_crm04",
      "diff_kind": "join",
      "amb": true,
      "n_cands": 5,
      "r_s": 1,
      "r_f": 2,
      "r_2a": 2,
      "r_2b": 2,
      "rr_s": 1.0,
      "rr_f": 0.5,
      "rr_2a": 0.5,
      "rr_2b": 0.5
    },
    {
      "ep": 19,
      "rnd": 3,
      "case_id": "m_mrr01",
      "diff_kind": "unknown",
      "amb": false,
      "n_cands": 3,
      "r_s": 1,
      "r_f": 1,
      "r_2a": 1,
      "r_2b": 1,
      "rr_s": 1.0,
      "rr_f": 1.0,
      "rr_2a": 1.0,
      "rr_2b": 1.0
    },
    {
      "ep": 20,
      "rnd": 3,
      "case_id": "m_crm01",
      "diff_kind": "agg",
      "amb": true,
      "n_cands": 5,
      "r_s": 1,
      "r_f": 1,
      "r_2a": 2,
      "r_2b": 1,
      "rr_s": 1.0,
      "rr_f": 1.0,
      "rr_2a": 0.5,
      "rr_2b": 1.0
    },
    {
      "ep": 21,
      "rnd": 3,
      "case_id": "m_crm02",
      "diff_kind": "agg",
      "amb": true,
      "n_cands": 5,
      "r_s": 2,
      "r_f": 2,
      "r_2a": 2,
      "r_2b": 2,
      "rr_s": 0.5,
      "rr_f": 0.5,
      "rr_2a": 0.5,
      "rr_2b": 0.5
    },
    {
      "ep": 22,
      "rnd": 3,
      "case_id": "m_mrr02",
      "diff_kind": "arithmetic",
      "amb": false,
      "n_cands": 2,
      "r_s": 1,
      "r_f": 1,
      "r_2a": 1,
      "r_2b": 1,
      "rr_s": 1.0,
      "rr_f": 1.0,
      "rr_2a": 1.0,
      "rr_2b": 1.0
    },
    {
      "ep": 23,
      "rnd": 3,
      "case_id": "m_crm04",
      "diff_kind": "join",
      "amb": true,
      "n_cands": 5,
      "r_s": 1,
      "r_f": 1,
      "r_2a": 2,
      "r_2b": 1,
      "rr_s": 1.0,
      "rr_f": 1.0,
      "rr_2a": 0.5,
      "rr_2b": 1.0
    },
    {
      "ep": 24,
      "rnd": 3,