{
  "_recent_messages": 1.5406577730392865,
  "_content": 0.6419407387663695,
  "materialize_persona": -0.2567762955065476,
  "detect_stage": -1.1554933297794647,
  "_target_date_from_text": 0.6419407387663695,
  "_sender": -1.1554933297794647,
  "tenant_shared_phone": -0.2567762955065476
}